X,Y,OBJECTID,ID,NAME,ADDRESS,CITY,STATE,ZIP,ZIP4,TELEPHONE,TYPE,STATUS,POPULATION,COUNTY,COUNTYFIPS,COUNTRY,LATITUDE,LONGITUDE,NAICS_CODE,NAICS_DESC,SOURCE,SOURCEDATE,VAL_METHOD,VAL_DATE,WEBSITE,STATE_ID,ALT_NAME,ST_FIPS,OWNER,TTL_STAFF,BEDS,TRAUMA,HELIPAD
-78.468518,38.66325,234,522835,PAGE MEMORIAL HOSPITAL,200 MEMORIAL DRIVE,LURAY,VA,22835,NOT AVAILABLE,(540) 743-4560,CRITICAL ACCESS,OPEN,25,PAGE,51139,USA,38.66325,-78.468518,622110,GENERAL MEDICAL AND SURGICAL HOSPITALS,http://www.vhi.org,2020/11/26 00:00:00+00,IMAGERY,2014/02/10 00:00:00+00,http://www.valleyhealthlink.com/page,NOT AVAILABLE,NOT AVAILABLE,51,NON-PROFIT,-999,25,NOT AVAILABLE,Y
-81.91212146,36.72291339,695,148224211,JOHNSTON MEMORIAL HOSPITAL,16000 JOHNSTON MEMORIAL DRIVE,ABINGDON,VA,24211,NOT AVAILABLE,(276) 258-1000,GENERAL ACUTE CARE,OPEN,116,WASHINGTON,51191,USA,36.72291339,-81.91212146,622110,GENERAL MEDICAL AND SURGICAL HOSPITALS,http://www.vhi.org,2020/11/26 00:00:00+00,IMAGERY/OTHER,2015/03/26 00:00:00+00,www.jmh.org,NOT AVAILABLE,NOT AVAILABLE,51,NON-PROFIT,-999,116,NOT AVAILABLE,Y
-76.30576791,36.84541393,702,16,NAVAL MEDICAL CENTER PORTSMOUTH,620 JOHN PAUL JONES CIRCLE,PORTSMOUTH,VA,23708,NOT AVAILABLE,NOT AVAILABLE,MILITARY,OPEN,202,PORTSMOUTH,51740,USA,36.84541393,-76.30576791,622110,GENERAL MEDICAL AND SURGICAL HOSPITALS,http://www.vhi.org,2020/11/26 00:00:00+00,IMAGERY/OTHER,2015/07/29 00:00:00+00,http://www.med.navy.mil/sites/nmcp2/pages/default.aspx,NOT AVAILABLE,NOT AVAILABLE,51,GOVERNMENT - FEDERAL,-999,202,NOT AVAILABLE,Y
-78.98683733,38.09452441,910,122939,AUGUSTA HEALTH,78 MEDICAL CENTER DRIVE,FISHERSVILLE,VA,22939,NOT AVAILABLE,(540) 332-4000,GENERAL ACUTE CARE,OPEN,255,AUGUSTA,51015,USA,38.09452441,-78.98683733,622110,GENERAL MEDICAL AND SURGICAL HOSPITALS,http://www.vhi.org,2020/11/26 00:00:00+00,IMAGERY,2014/02/10 00:00:00+00,www.augustahealth.com,NOT AVAILABLE,NOT AVAILABLE,51,NON-PROFIT,-999,255,NOT AVAILABLE,Y
-77.46768488,37.49807429,1535,16123225,HUNTER HOLMES MCGUIRE VA MEDICAL CENTER,1201 BROAD ROCK BLVD,RICHMOND,VA,23225,NOT AVAILABLE,(804) 675-5000,GENERAL ACUTE CARE,OPEN,273,RICHMOND CITY,51760,USA,37.49807429,-77.46768488,622110,GENERAL MEDICAL AND SURGICAL HOSPITALS,https://www.va.gov/directory/guide/allstate.asp,2020/09/25 00:00:00+00,IMAGERY/OTHER,2015/05/29 00:00:00+00,http://www.richmond.va.gov/,NOT AVAILABLE,NOT AVAILABLE,51,GOVERNMENT - FEDERAL,-999,273,NOT AVAILABLE,Y
-77.35939664,37.18733523,2118,19323805,POPLAR SPRINGS HOSPITAL,350 POPLAR DRIVE,PETERSBURG,VA,23805,NOT AVAILABLE,(804) 733-6874,PSYCHIATRIC,OPEN,208,PETERSBURG,51730,USA,37.18733523,-77.35939664,622210,PSYCHIATRIC AND SUBSTANCE ABUSE HOSPITALS,http://www.vhi.org,2020/11/26 00:00:00+00,IMAGERY/OTHER,2017/03/07 00:00:00+00,www.poplarsprings.com,NOT AVAILABLE,NOT AVAILABLE,51,PROPRIETARY,-999,208,NOT AVAILABLE,N
-79.86718047,36.69924359,2131,8224112,SOVAH HEALTH-MARTINSVILLE,320 HOSPITAL DRIVE,MARTINSVILLE,VA,24115,NOT AVAILABLE,(276) 666-7200,GENERAL ACUTE CARE,OPEN,223,MARTINSVILLE,51690,USA,36.69924359,-79.86718047,622110,GENERAL MEDICAL AND SURGICAL HOSPITALS,http://www.vhi.org,2020/11/26 00:00:00+00,IMAGERY,2014/02/10 00:00:00+00,https://www.sovahhealth.com/patients-visitors/about-us/sovah-health-martinsville,NOT AVAILABLE,NOT AVAILABLE,51,PROPRIETARY,-999,223,NOT AVAILABLE,Y
-76.7408918,37.33632098,2132,14423188,SENTARA WILLIAMSBURG REGIONAL MEDICAL CENTER,100 SENTARA CIRCLE,WILLIAMSBURG,VA,23188,NOT AVAILABLE,(757) 984-6000,GENERAL ACUTE CARE,OPEN,145,YORK,51199,USA,37.33632098,-76.7408918,622110,GENERAL MEDICAL AND SURGICAL HOSPITALS,http://www.vhi.org,2020/11/26 00:00:00+00,IMAGERY,2014/02/10 00:00:00+00,http://www.sentara.com/hospitalsfacilities/hospitals/williamsburg/pages/williamsburgregionalmedical.aspx,NOT AVAILABLE,NOT AVAILABLE,51,NON-PROFIT,-999,145,NOT AVAILABLE,Y
-77.0770461,38.73973007,2134,3222306,INOVA MOUNT VERNON HOSPITAL,2501 PARKERS LANE,ALEXANDRIA,VA,22306,NOT AVAILABLE,(703) 664-7000,GENERAL ACUTE CARE,OPEN,237,FAIRFAX,51059,USA,38.73973007,-77.0770461,622110,GENERAL MEDICAL AND SURGICAL HOSPITALS,http://www.vhi.org,2020/11/26 00:00:00+00,IMAGERY,2014/03/12 00:00:00+00,http://www.inova.org/patient-and-visitor-information/facilities/inova-mount-vernon-hospital/index.jsp,NOT AVAILABLE,NOT AVAILABLE,51,NON-PROFIT,-999,237,NOT AVAILABLE,Y
-76.87887582,37.90124598,2135,14922560,RIVERSIDE TAPPAHANNOCK HOSPITAL,618 HOSPITAL ROAD,TAPPAHANNOCK,VA,22560,NOT AVAILABLE,(804) 443-3310,GENERAL ACUTE CARE,OPEN,67,ESSEX,51057,USA,37.90124598,-76.87887582,622110,GENERAL MEDICAL AND SURGICAL HOSPITALS,http://www.vhi.org,2020/11/26 00:00:00+00,IMAGERY,2014/02/10 00:00:00+00,www.riverside-online.com/rth,NOT AVAILABLE,NOT AVAILABLE,51,NON-PROFIT,-999,67,NOT AVAILABLE,Y
-78.17509638,37.1923042,2136,20223922,PIEDMONT GERIATRIC HOSPITAL,5001 E. PATRICK HENRY HIGHWAY,BURKEVILLE,VA,23922,427,(434) 767-4401,PSYCHIATRIC,OPEN,123,NOTTOWAY,51135,USA,37.1923042,-78.17509638,622210,PSYCHIATRIC AND SUBSTANCE ABUSE HOSPITALS,http://www.vhi.org,2020/11/26 00:00:00+00,IMAGERY/OTHER,2017/03/09 00:00:00+00,http://www.pgh.dbhds.virginia.gov/,NOT AVAILABLE,NOT AVAILABLE,51,GOVERNMENT - STATE,-999,123,NOT AVAILABLE,N
-79.03533052,38.13184581,2139,19922401,COMMONWEALTH CENTER FOR CHILDREN AND ADOLESCENTS,1355 RICHMOND RD,STAUNTON,VA,22401,9124,(540) 332-2100,PSYCHIATRIC,OPEN,48,STAUNTON,51790,USA,38.13184581,-79.03533052,622210,PSYCHIATRIC AND SUBSTANCE ABUSE HOSPITALS,http://www.vhi.org,2020/11/26 00:00:00+00,IMAGERY/OTHER,2017/03/09 00:00:00+00,http://www.ccca.dbhds.virginia.gov/,NOT AVAILABLE,NOT AVAILABLE,51,GOVERNMENT - STATE,-999,48,NOT AVAILABLE,N
-77.388211,37.629048,2549,183223116,BON SECOURS MEMORIAL REGIONAL MEDICAL CENTER,8260 ATLEE ROAD,MECHANICSVILLE,VA,23116,NOT AVAILABLE,(804) 764-6000,GENERAL ACUTE CARE,OPEN,225,HANOVER,51085,USA,37.629048,-77.388211,622110,GENERAL MEDICAL AND SURGICAL HOSPITALS,http://www.vhi.org,2020/11/26 00:00:00+00,IMAGERY,2020/05/05 00:00:00+00,NOT AVAILABLE,NOT AVAILABLE,NOT AVAILABLE,51,NOT AVAILABLE,-999,225,NOT AVAILABLE,Y
-77.52602103,37.63171005,2728,10323294,HENRICO DOCTORS' HOSPITAL - PARHAM,7700 EAST PARHAM ROAD,RICHMOND,VA,23294,NOT AVAILABLE,(804) 747-5600,GENERAL ACUTE CARE,OPEN,200,HENRICO,51087,USA,37.63171005,-77.52602103,622110,GENERAL MEDICAL AND SURGICAL HOSPITALS,http://www.vhi.org,2020/11/26 00:00:00+00,IMAGERY,2014/02/10 00:00:00+00,http://parhamdoctors.com/,NOT AVAILABLE,PARHAM DOCTORS HOSPITAL,51,PROPRIETARY,-999,200,NOT AVAILABLE,N
-82.21648025,36.59717649,2734,19824201,RIDGEVIEW PAVILION (BRISTOL REGION),103 NORTH STREET,BRISTOL,VA,24201,NOT AVAILABLE,(423) 844-6000,PSYCHIATRIC,OPEN,28,BRISTOL,51520,USA,36.59717649,-82.21648025,622210,PSYCHIATRIC AND SUBSTANCE ABUSE HOSPITALS,http://www.vhi.org,2020/11/26 00:00:00+00,IMAGERY/OTHER,2017/03/07 00:00:00+00,https://www.balladhealth.org/behavioral-health/ridgeview-pavilion,NOT AVAILABLE,NOT AVAILABLE,51,PROPRIETARY,-999,28,NOT AVAILABLE,N
-76.24603947,36.74550925,2753,11923320,CHESAPEAKE REGIONAL MEDICAL CENTER,736 BATTLEFIELD BOULEVARD NORTH,CHESAPEAKE,VA,23320,NOT AVAILABLE,(757) 312-8120,GENERAL ACUTE CARE,OPEN,310,CHESAPEAKE,51550,USA,36.74550925,-76.24603947,622110,GENERAL MEDICAL AND SURGICAL HOSPITALS,http://www.vhi.org,2020/11/26 00:00:00+00,IMAGERY,2014/02/10 00:00:00+00,http://www.chesapeakeregional.com,NOT AVAILABLE,NOT AVAILABLE,51,GOVERNMENT - DISTRICT/AUTHORITY,-999,310,NOT AVAILABLE,Y
-78.5206042,38.04526648,2755,2422903,UVA KLUGE CHILDRENS REHABILITATION CENTER,2270 IVY ROAD,CHARLOTTESVILLE,VA,22901,NOT AVAILABLE,(434) 924-5161,CHILDREN,CLOSED,19,ALBEMARLE,51003,USA,38.04526648,-78.5206042,622110,"CHILDREN'S HOSPITALS, GENERAL",http://www.vdh.virginia.gov/olc/acutecare/hospitals.htm,2016/08/16 00:00:00+00,IMAGERY/OTHER,2014/02/10 00:00:00+00,http://www.healthsystem.virginia.edu/internet/pediatrics/kcrc/,NOT AVAILABLE,NOT AVAILABLE,51,PROPRIETARY,-999,19,NOT AVAILABLE,N
-76.74159568,37.33745961,2756,14523188,VERNON M. GEDDY JR. OUTPATIENT CENTER,6601 MOORETOWN ROAD,WILLIAMSBURG,VA,23188,NOT AVAILABLE,(757) 345-4310,GENERAL ACUTE CARE,CLOSED,-999,YORK,51199,USA,37.33745961,-76.74159568,622110,GENERAL MEDICAL AND SURGICAL HOSPITALS,http://www.vdh.virginia.gov/olc/acutecare/hospitals.htm,2016/08/16 00:00:00+00,IMAGERY,2014/03/12 00:00:00+00,http://www.sentara.com/hospitalsfacilities/hospitals/williamsburg/williamsburg/pages/geddyoutpatientcenter.aspx,NOT AVAILABLE,NOT AVAILABLE,51,NOT AVAILABLE,-999,-999,NOT AVAILABLE,Y
-77.10553472,38.82212364,2757,2522304,INOVA ALEXANDRIA HOSPITAL,4320 SEMINARY ROAD,ALEXANDRIA,VA,22304,NOT AVAILABLE,(703) 504-3000,GENERAL ACUTE CARE,OPEN,318,ALEXANDRIA,51510,USA,38.82212364,-77.10553472,622110,GENERAL MEDICAL AND SURGICAL HOSPITALS,http://www.vhi.org,2020/11/26 00:00:00+00,IMAGERY,2014/02/10 00:00:00+00,http://www.inova.org/patient-and-visitor-information/facilities/inova-alexandria-hospital/index.jsp,NOT AVAILABLE,NOT AVAILABLE,51,NON-PROFIT,-999,318,NOT AVAILABLE,Y
-80.75728261,37.06817522,2761,7524301,LEWISGALE HOSPITAL PULASKI,2400 LEE HIGHWAY,PULASKI,VA,24301,NOT AVAILABLE,(540) 994-8100,GENERAL ACUTE CARE,OPEN,135,PULASKI,51155,USA,37.06817522,-80.75728261,622110,GENERAL MEDICAL AND SURGICAL HOSPITALS,http://www.vhi.org,2020/11/26 00:00:00+00,IMAGERY,2014/02/10 00:00:00+00,www.pulaskicommunityhospital.com,NOT AVAILABLE,NOT AVAILABLE,51,PROPRIETARY,-999,135,NOT AVAILABLE,Y
-76.28162015,36.89948466,2762,12623505,BON SECOURS DEPAUL MEDICAL CENTER,150 KINGSLEY LANE,NORFOLK,VA,23505,NOT AVAILABLE,(757) 889-5000,GENERAL ACUTE CARE,OPEN,180,NORFOLK,51710,USA,36.89948466,-76.28162015,622110,GENERAL MEDICAL AND SURGICAL HOSPITALS,http://www.vhi.org,2020/11/26 00:00:00+00,IMAGERY,2014/02/10 00:00:00+00,http://www.bonsecourshamptonroads.com/find-a-facility-depaul-medical-center.html,NOT AVAILABLE,NOT AVAILABLE,51,NON-PROFIT,-999,180,NOT AVAILABLE,Y
-76.18962947,36.85084267,2763,13123502,SENTARA LEIGH HOSPITAL,830 KEMPSVILLE ROAD,NORFOLK,VA,23502,NOT AVAILABLE,(757) 261-6000,GENERAL ACUTE CARE,OPEN,250,NORFOLK,51710,USA,36.85084267,-76.18962947,622110,GENERAL MEDICAL AND SURGICAL HOSPITALS,http://www.vhi.org,2020/11/26 00:00:00+00,IMAGERY,2014/02/10 00:00:00+00,http://www.sentara.com/hospitalsfacilities/hospitals/leigh/pages/leigh.aspx,NOT AVAILABLE,NOT AVAILABLE,51,NON-PROFIT,-999,250,NOT AVAILABLE,Y
-78.19835145,38.9303431,2764,822630,VALLEY HEALTH WARREN MEMORIAL HOSPITAL,1000 SHENANDOAH AVENUE,FRONT ROYAL,VA,22630,NOT AVAILABLE,(540) 636-0300,GENERAL ACUTE CARE,OPEN,60,WARREN,51187,USA,38.9303431,-78.19835145,622110,GENERAL MEDICAL AND SURGICAL HOSPITALS,http://www.vhi.org,2020/11/26 00:00:00+00,IMAGERY,2014/02/10 00:00:00+00,http://www.valleyhealthlink.com/wmh,NOT AVAILABLE,WARREN MEMORIAL HOSPITAL,51,NON-PROFIT,-999,60,NOT AVAILABLE,Y
-76.39294052,36.98609237,2765,13723607,HAMPTON ROADS SPECIALTY HOSPITAL,245 CHESAPEAKE AVENUE,NEWPORT NEWS,VA,23607,NOT AVAILABLE,(757) 534-5000,LONG TERM CARE,OPEN,25,NEWPORT NEWS,51700,USA,36.98609237,-76.39294052,622310,SPECIALTY (EXCEPT PSYCHIATRIC AND SUBSTANCE ABUSE) HOSPITALS,http://www.vhi.org,2020/11/26 00:00:00+00,IMAGERY/OTHER,2014/02/10 00:00:00+00,http://www.hamptonroadsspecialtyhospital.com/,NOT AVAILABLE,NOT AVAILABLE,51,NON-PROFIT,-999,25,NOT AVAILABLE,N
-80.01844528,37.27396039,2768,5024153,SALEM VA MEDICAL CENTER,1970 ROANOKE BOULEVARD,SALEM,VA,24153,NOT AVAILABLE,(540) 982-2460,MILITARY,OPEN,288,SALEM,51775,USA,37.27396039,-80.01844528,622110,GENERAL MEDICAL AND SURGICAL HOSPITALS,http://www.vhi.org,2020/11/26 00:00:00+00,IMAGERY,2014/02/10 00:00:00+00,http://www.salem.va.gov/,NOT AVAILABLE,NOT AVAILABLE,51,GOVERNMENT - FEDERAL,-999,288,NOT AVAILABLE,N
-76.44189922,36.86857265,2769,15623435,BON SECOURS HEALTH CENTER AT HARBOUR VIEW,5818 HARBOUR VIEW BOULEVARD,SUFFOLK,VA,23435,NOT AVAILABLE,(757) 673-5800,GENERAL ACUTE CARE,OPEN,-999,SUFFOLK,51800,USA,36.86857265,-76.44189922,622110,GENERAL MEDICAL AND SURGICAL HOSPITALS,http://www.vhi.org,2020/11/26 00:00:00+00,IMAGERY,2014/02/10 00:00:00+00,http://www.bonsecourshamptonroads.com/find-a-facility-harbour-view-health-center.html,NOT AVAILABLE,NOT AVAILABLE,51,NON-PROFIT,-999,-999,NOT AVAILABLE,N
-76.5945602,36.76054906,2770,15723434,LAKEVIEW MEDICAL CENTER,2000 MEADE PARKWAY,SUFFOLK,VA,23434,NOT AVAILABLE,(757) 539-0250,GENERAL ACUTE CARE,OPEN,-999,SUFFOLK,51800,USA,36.76054906,-76.5945602,622110,GENERAL MEDICAL AND SURGICAL HOSPITALS,http://www.vhi.org,2020/11/26 00:00:00+00,IMAGERY,2014/02/10 00:00:00+00,http://www.lakeviewmed.org/index.cfm/fuseaction/site.physicians/action/dtl/phys/99842375.cfm,NOT AVAILABLE,LAKEVIEW MEDICAL CENTER,51,NOT AVAILABLE,-999,-999,NOT AVAILABLE,N
-77.53768307,36.70157604,2771,9623847,SOUTHERN VIRGINIA REGIONAL MEDICAL CENTER,727 NORTH MAIN STREET,EMPORIA,VA,23847,NOT AVAILABLE,(434) 348-4400,GENERAL ACUTE CARE,OPEN,80,EMPORIA,51595,USA,36.70157604,-77.53768307,622110,GENERAL MEDICAL AND SURGICAL HOSPITALS,http://www.vhi.org,2020/11/26 00:00:00+00,IMAGERY/OTHER,2014/02/10 00:00:00+00,http://www.svrmc.com,NOT AVAILABLE,NOT AVAILABLE,51,PROPRIETARY,-999,80,NOT AVAILABLE,Y
-77.8090621,38.71276596,2772,1820186,FAUQUIER HOSPITAL,500 HOSPITAL DRIVE,WARRENTON,VA,20186,NOT AVAILABLE,(540) 347-2550,GENERAL ACUTE CARE,OPEN,97,FAUQUIER,51061,USA,38.71276596,-77.8090621,622110,GENERAL MEDICAL AND SURGICAL HOSPITALS,http://www.vhi.org,2020/11/26 00:00:00+00,IMAGERY,2014/02/10 00:00:00+00,www.fauquierhospital.org,NOT AVAILABLE,NOT AVAILABLE,51,PROPRIETARY,-999,97,NOT AVAILABLE,Y
-82.62546425,36.94446004,2774,6424273,WELLMONT MOUNTAIN VIEW REGIONAL MEDICAL CENTER,"310 3RD STREET, NE",NORTON,VA,24273,NOT AVAILABLE,(276) 679-9100,GENERAL ACUTE CARE,OPEN,133,NORTON,51720,USA,36.94446004,-82.62546425,622110,GENERAL MEDICAL AND SURGICAL HOSPITALS,http://www.vhi.org,2020/11/26 00:00:00+00,IMAGERY,2014/02/10 00:00:00+00,http://www.wellmont.org/our-facilities/hospitals-and-medical-centers/mountain-view-regional-medical-center/,NOT AVAILABLE,NOT AVAILABLE,51,NON-PROFIT,-999,133,NOT AVAILABLE,Y
-82.44904833,37.16067851,2775,6024228,DICKENSON COMMUNITY HOSPITAL AND GREEN OAK BEHAVIORAL HEALTH,312 HOSPITAL DRIVE,CLINTWOOD,VA,24228,NOT AVAILABLE,(276) 926-0300,GENERAL ACUTE CARE,OPEN,25,DICKENSON,51051,USA,37.16067851,-82.44904833,622110,GENERAL MEDICAL AND SURGICAL HOSPITALS,http://www.vhi.org,2020/11/26 00:00:00+00,IMAGERY,2014/02/10 00:00:00+00,http://www.msha.com/dch.cfm?id=1507,NOT AVAILABLE,NOT AVAILABLE,51,NON-PROFIT,-999,25,NOT AVAILABLE,Y
-77.12727766,38.88888179,2776,2622205,VIRGINIA HOSPITAL CENTER,1701 NORTH GEORGE MASON DRIVE,ARLINGTON,VA,22205,NOT AVAILABLE,(703) 558-5000,GENERAL ACUTE CARE,OPEN,334,ARLINGTON,51013,USA,38.88888179,-77.12727766,622110,GENERAL MEDICAL AND SURGICAL HOSPITALS,http://www.vhi.org,2020/11/26 00:00:00+00,IMAGERY,2014/02/10 00:00:00+00,http://www.virginiahospitalcenter.com/,NOT AVAILABLE,NOT AVAILABLE,51,NON-PROFIT,-999,334,NOT AVAILABLE,N
-76.73188735,37.31486161,2777,147123188,THE PAVILION AT WILLIAMSBURG PLACE,5483 MOORETOWN ROAD,WILLIAMSBURG,VA,23188,NOT AVAILABLE,(757) 565-0106,PSYCHIATRIC,OPEN,57,JAMES CITY,51095,USA,37.31486161,-76.73188735,622210,PSYCHIATRIC AND SUBSTANCE ABUSE HOSPITALS,http://www.vhi.org,2020/11/26 00:00:00+00,IMAGERY/OTHER,2015/03/26 00:00:00+00,www.pavilionwp.com,NOT AVAILABLE,NOT AVAILABLE,51,PROPRIETARY,-999,57,NOT AVAILABLE,N
-76.18945815,36.85308888,2778,19123502,KEMPSVILLE CENTER FOR BEHAVIORAL HEALTH,860 KEMPSVILLE ROAD,NORFOLK,VA,23502,NOT AVAILABLE,(757) 461-4565,PSYCHIATRIC,OPEN,82,NORFOLK,51710,USA,36.85308888,-76.18945815,622210,PSYCHIATRIC AND SUBSTANCE ABUSE HOSPITALS,http://www.vhi.org,2020/11/26 00:00:00+00,IMAGERY/OTHER,2017/03/07 00:00:00+00,www.kempsvillecbh.com,NOT AVAILABLE,NOT AVAILABLE,51,PROPRIETARY,-999,82,NOT AVAILABLE,Y
-77.54673835,39.144816,2779,19220176,NORTH SPRING BEHAVIORAL HEALTHCARE,42009 VICTORY LANE,LEESBURG,VA,20176,NOT AVAILABLE,(703) 777-0800,PSYCHIATRIC,OPEN,100,LOUDOUN,51107,USA,39.144816,-77.54673835,622210,PSYCHIATRIC AND SUBSTANCE ABUSE HOSPITALS,http://www.vhi.org,2020/11/26 00:00:00+00,IMAGERY/OTHER,2017/03/07 00:00:00+00,www.northspringleesburg.com,NOT AVAILABLE,NOT AVAILABLE,51,PROPRIETARY,-999,100,NOT AVAILABLE,N
-77.65863951,37.46669461,2781,8423114,BON SECOURS ST. FRANCIS MEDICAL CENTER,13710 ST. FRANCIS BOULEVARD,MIDLOTHIAN,VA,23114,NOT AVAILABLE,(804) 594-7300,GENERAL ACUTE CARE,OPEN,130,CHESTERFIELD,51041,USA,37.46669461,-77.65863951,622110,GENERAL MEDICAL AND SURGICAL HOSPITALS,http://www.vhi.org,2020/11/26 00:00:00+00,IMAGERY,2014/02/10 00:00:00+00,http://richmond.bonsecours.com/find-a-facility-st-francis-medical-center.html,NOT AVAILABLE,NOT AVAILABLE,51,NON-PROFIT,-999,130,NOT AVAILABLE,N
-78.87130607,38.43989519,2818,422801,ROCKINGHAM MEMORIAL HOSPITAL,235 CANTRELL AVENUE,HARRISONBURG,VA,22801,NOT AVAILABLE,(540) 689-1000,GENERAL ACUTE CARE,CLOSED,270,HARRISONBURG,51660,USA,38.43989519,-78.87130607,622110,GENERAL MEDICAL AND SURGICAL HOSPITALS,http://www.vdh.virginia.gov/olc/acutecare/hospitals.htm,2016/08/16 00:00:00+00,IMAGERY,2014/02/10 00:00:00+00,www.rmhonline.com,NOT AVAILABLE,NOT AVAILABLE,51,NON-PROFIT,-999,270,NOT AVAILABLE,N
-77.69623495,37.51019015,3230,125,BON SECOURS ST FRANCIS WATKINS CENTRE,601 WATKINS CENTRE PKWY,MIDLOTHIAN,VA,23113,NOT AVAILABLE,(804) 594-7950,GENERAL ACUTE CARE,OPEN,16,CHESTERFIELD,51041,USA,37.51019015,-77.69623495,622110,GENERAL MEDICAL AND SURGICAL HOSPITALS,http://www.vhi.org,2020/11/26 00:00:00+00,IMAGERY,2015/05/23 00:00:00+00,http://richmond.bonsecours.com/find-a-facility-st-francis-watkins-centre.html,NOT AVAILABLE,NOT AVAILABLE,51,NON-PROFIT,-999,16,NOT AVAILABLE,N
-80.71302141,37.33307907,3259,145724134,CARILION GILES COMMUNITY HOSPITAL,159 HARTLEY WAY,PEARISBURG,VA,24134,NOT AVAILABLE,(540) 921-6000,CRITICAL ACCESS,OPEN,25,GILES,51071,USA,37.33307907,-80.71302141,622110,GENERAL MEDICAL AND SURGICAL HOSPITALS,http://www.vhi.org,2020/11/26 00:00:00+00,IMAGERY/OTHER,2015/03/26 00:00:00+00,www.carilionclinic.org/carilion/cgmh,NOT AVAILABLE,NOT AVAILABLE,51,NON-PROFIT,-999,25,NOT AVAILABLE,Y
-80.25489167,36.64622956,3278,8324171,PIONEER COMMUNITY HOSPITAL,18688 JEB STUART HIGHWAY,STUART,VA,24171,NOT AVAILABLE,(276) 694-8680,CRITICAL ACCESS,CLOSED,25,PATRICK,51141,USA,36.64622956,-80.25489167,622110,GENERAL MEDICAL AND SURGICAL HOSPITALS,http://www.vhi.org,2016/08/16 00:00:00+00,IMAGERY/OTHER,2019/04/16 00:00:00+00,http://www.phscorporate.com,NOT AVAILABLE,NOT AVAILABLE,51,PROPRIETARY,-999,25,NOT AVAILABLE,N
-76.97854052,37.54635996,3281,8923124,CUMBERLAND HOSPITAL FOR CHILDREN AND ADOLESCENTS,9407 CUMBERLAND ROAD,NEW KENT,VA,23124,NOT AVAILABLE,(804) 966-2240,CHILDREN,OPEN,110,NEW KENT,51127,USA,37.54635996,-76.97854052,622110,"CHILDREN'S HOSPITALS, GENERAL",http://www.vhi.org,2020/11/26 00:00:00+00,IMAGERY/OTHER,2019/04/16 00:00:00+00,http://cumberlandhospital.com/,NOT AVAILABLE,NOT AVAILABLE,51,PROPRIETARY,-999,110,NOT AVAILABLE,N
-76.57322626,37.16195431,3303,13923604,MCDONALD ARMY COMMUNITY HOSPITAL,576 JEFFERSON AVENUE,FORT EUSTIS,VA,23604,NOT AVAILABLE,(757) 314-7500,MILITARY,OPEN,30,NEWPORT NEWS,51700,USA,37.16195431,-76.57322626,622110,GENERAL MEDICAL AND SURGICAL HOSPITALS,http://www.vhi.org,2020/11/26 00:00:00+00,IMAGERY/OTHER,2019/04/16 00:00:00+00,http://mcdonald.narmc.amedd.army.mil/default.aspx,NOT AVAILABLE,NOT AVAILABLE,51,GOVERNMENT - FEDERAL,-999,30,NOT AVAILABLE,N
-79.51751849,37.3514029,3441,5124523,BEDFORD MEMORIAL HOSPITAL,1613 OAKWOOD STREET,BEDFORD,VA,24523,NOT AVAILABLE,(540) 586-2440,GENERAL ACUTE CARE,OPEN,50,BEDFORD CITY,51515,USA,37.3514029,-79.51751849,622110,GENERAL MEDICAL AND SURGICAL HOSPITALS,http://www.vhi.org,2020/11/26 00:00:00+00,IMAGERY,2014/02/10 00:00:00+00,www.bmhva.com,NOT AVAILABLE,NOT AVAILABLE,51,NON-PROFIT,-999,50,NOT AVAILABLE,Y
-76.30414519,36.86278106,3510,12823507,HOSPITAL FOR EXTENDED RECOVERY,"600 GRESHAM DRIVE, SUITE 700",NORFOLK,VA,23507,NOT AVAILABLE,(757) 668-1700,LONG TERM CARE,OPEN,35,NORFOLK,51710,USA,36.86278106,-76.30414519,622310,SPECIALTY (EXCEPT PSYCHIATRIC AND SUBSTANCE ABUSE) HOSPITALS,http://www.vhi.org,2020/11/26 00:00:00+00,IMAGERY,2014/03/12 00:00:00+00,http://www.sentara.com/hospitalsfacilities/hospitals/norfolkgeneral/pages/hospital_for_extended_recovery.aspx,NOT AVAILABLE,NOT AVAILABLE,51,NON-PROFIT,-999,35,NOT AVAILABLE,Y
-79.18779398,37.43825833,3631,145924503,CENTRA SPECIALTY HOSPITAL,"3300 RIVERMONT AVENUE, KRISE 3",LYNCHBURG,VA,24503,NOT AVAILABLE,(434) 200-1960,LONG TERM CARE,OPEN,36,LYNCHBURG,51680,USA,37.43825833,-79.18779398,622310,SPECIALTY (EXCEPT PSYCHIATRIC AND SUBSTANCE ABUSE) HOSPITALS,http://www.vhi.org,2020/11/26 00:00:00+00,IMAGERY/OTHER,2015/03/26 00:00:00+00,http://www.centraspecialtyhospital.com/,NOT AVAILABLE,NOT AVAILABLE,51,NON-PROFIT,-999,36,NOT AVAILABLE,N
-77.65896759,37.46680815,3653,8623114,SHELTERING ARMS HOSPITAL SOUTH,"13700 ST. FRANCIS BOULEVARD, SUITE 400",MIDLOTHIAN,VA,23114,NOT AVAILABLE,(804) 764-5290,REHABILITATION,OPEN,28,CHESTERFIELD,51041,USA,37.46680815,-77.65896759,622310,"REHABILITATION HOSPITALS (EXCEPT ALCOHOLISM, DRUG ADDICTION)",http://www.vhi.org,2020/11/26 00:00:00+00,IMAGERY,2014/02/10 00:00:00+00,http://www.shelteringarms.com/,NOT AVAILABLE,NOT AVAILABLE,51,NON-PROFIT,-999,28,NOT AVAILABLE,N
-78.85547297,38.40478676,3812,147322801,SENTARA RMH MEDICAL CENTER,2010 HEALTH CAMPUS DRIVE,HARRISONBURG,VA,22801,NOT AVAILABLE,(540) 689-1000,GENERAL ACUTE CARE,OPEN,238,ROCKINGHAM,51165,USA,38.40478676,-78.85547297,622110,GENERAL MEDICAL AND SURGICAL HOSPITALS,http://www.vhi.org,2020/11/26 00:00:00+00,IMAGERY/OTHER,2015/03/26 00:00:00+00,www.rmhonline.com,NOT AVAILABLE,ROCKINGHAM MEMORIAL HOSPITAL,51,NON-PROFIT,-999,238,NOT AVAILABLE,Y
-78.51268401,38.8702953,3813,147522664,VALLEY HEALTH SHENANDOAH MEMORIAL HOSPITAL,759 SOUTH MAIN STREET,WOODSTOCK,VA,22664,NOT AVAILABLE,(540) 459-1100,CRITICAL ACCESS,OPEN,25,SHENANDOAH,51171,USA,38.8702953,-78.51268401,622110,GENERAL MEDICAL AND SURGICAL HOSPITALS,http://www.vhi.org,2020/11/26 00:00:00+00,IMAGERY/OTHER,2015/03/26 00:00:00+00,www.valleyhealthlink.com,NOT AVAILABLE,NOT AVAILABLE,51,NON-PROFIT,-999,25,NOT AVAILABLE,Y
-78.54971534,38.05150012,4446,147922908,UVA TRANSITIONAL CARE HOSPITAL,2965 IVY ROAD,CHARLOTTESVILLE,VA,22903,NOT AVAILABLE,(434) 924-8245,LONG TERM CARE,OPEN,40,ALBEMARLE,51003,USA,38.05150012,-78.54971534,622310,SPECIALTY (EXCEPT PSYCHIATRIC AND SUBSTANCE ABUSE) HOSPITALS,http://www.vhi.org,2020/11/26 00:00:00+00,IMAGERY/OTHER,2015/03/26 00:00:00+00,http://uvahealth.com/services/transitional-care-hospital/referrals,NOT AVAILABLE,NOT AVAILABLE,51,NON-PROFIT,-999,40,NOT AVAILABLE,N
-81.5101823,36.83321553,4450,20424354,SOUTHWESTERN VIRGINIA MENTAL HEALTH INSTITUTE,340 BAGLEY CIRCLE,MARION,VA,24354,3390,(276) 783-1200,PSYCHIATRIC,OPEN,179,SMYTH,51173,USA,36.83321553,-81.5101823,622210,PSYCHIATRIC AND SUBSTANCE ABUSE HOSPITALS,http://www.vhi.org,2020/11/26 00:00:00+00,IMAGERY/OTHER,2017/03/09 00:00:00+00,http://www.swvmhi.dbhds.virginia.gov/swvmhi/,NOT AVAILABLE,NOT AVAILABLE,51,GOVERNMENT - STATE,-999,179,NOT AVAILABLE,N
-76.39278745,36.98618129,4461,14223607,RIVERSIDE REHABILITATION INSTITUTE,245 CHESAPEAKE AVENUE,NEWPORT NEWS,VA,23607,NOT AVAILABLE,(757) 928-8000,REHABILITATION,OPEN,50,NEWPORT NEWS,51700,USA,36.98618129,-76.39278745,622310,"REHABILITATION HOSPITALS (EXCEPT ALCOHOLISM, DRUG ADDICTION)",http://www.vhi.org,2020/11/26 00:00:00+00,IMAGERY/OTHER,2014/02/10 00:00:00+00,http://www.riversideonline.com/rri/index.cfm,NOT AVAILABLE,NOT AVAILABLE,51,NON-PROFIT,-999,50,NOT AVAILABLE,N
-77.364166,38.96222355,4464,3620190,RESTON HOSPITAL CENTER,1850 TOWN CENTER PARKWAY,RESTON,VA,20190,NOT AVAILABLE,(703) 689-9020,GENERAL ACUTE CARE,OPEN,187,FAIRFAX,51059,USA,38.96222355,-77.364166,622110,GENERAL MEDICAL AND SURGICAL HOSPITALS,http://www.vhi.org,2020/11/26 00:00:00+00,IMAGERY,2014/03/12 00:00:00+00,www.restonhospital.com,NOT AVAILABLE,NOT AVAILABLE,51,PROPRIETARY,-999,187,LEVEL II,Y
-76.33225686,37.01535819,4468,12523667,HAMPTON VA MEDICAL CENTER,100 EMANCIPATION DRIVE,HAMPTON,VA,23667,NOT AVAILABLE,(757) 722-9961,MILITARY,OPEN,485,HAMPTON,51650,USA,37.01535819,-76.33225686,622110,GENERAL MEDICAL AND SURGICAL HOSPITALS,http://www.vhi.org,2020/11/26 00:00:00+00,IMAGERY,2014/02/10 00:00:00+00,http://www.hampton.va.gov/,NOT AVAILABLE,NOT AVAILABLE,51,GOVERNMENT - FEDERAL,-999,485,NOT AVAILABLE,N
-77.4302857,37.53980986,4699,11423298,VCU HEALTH SYSTEM,1200 E BROAD S,RICHMOND,VA,23219,NOT AVAILABLE,(804) 828-3815,GENERAL ACUTE CARE,OPEN,779,RICHMOND CITY,51760,USA,37.53980986,-77.4302857,622110,GENERAL MEDICAL AND SURGICAL HOSPITALS,http://www.vhi.org,2020/11/26 00:00:00+00,IMAGERY,2014/02/10 00:00:00+00,http://www.vcuhealth.org/,NOT AVAILABLE,NOT AVAILABLE,51,GOVERNMENT - DISTRICT/AUTHORITY,-999,779,LEVEL I,Y
-77.42950068,37.54012818,4711,195023298,VCU MEDICAL CENTER,1250 EAST MARSHALL STREET,RICHMOND,VA,23298,NOT AVAILABLE,(804) 828-9000,GENERAL ACUTE CARE,OPEN,811,RICHMOND CITY,51760,USA,37.54012818,-77.42950068,622110,GENERAL MEDICAL AND SURGICAL HOSPITALS,http://www.vhi.org,2020/11/26 00:00:00+00,IMAGERY,2020/05/06 00:00:00+00,https://www.vcuhealth.org/locations/location-details?practice=10,NOT AVAILABLE,NOT AVAILABLE,51,NOT AVAILABLE,-999,811,NOT AVAILABLE,N
-82.21682765,36.5970718,5317,147224201,REHABILITATION HOSPITAL OF BRISTOL LLC,103 NORTH STREET,BRISTOL,VA,24201,NOT AVAILABLE,(276) 642-7901,REHABILITATION,OPEN,25,BRISTOL,51520,USA,36.5970718,-82.21682765,622310,"REHABILITATION HOSPITALS (EXCEPT ALCOHOLISM, DRUG ADDICTION)",http://www.vhi.org,2020/11/26 00:00:00+00,IMAGERY/OTHER,2015/03/26 00:00:00+00,https://www.encompasshealth.com/locations/bristolrehab,NOT AVAILABLE,NOT AVAILABLE,51,PROPRIETARY,-999,25,NOT AVAILABLE,N
-76.39571114,37.05362786,5319,19423666,RIVERSIDE BEHAVIORAL HEALTH CENTER,2244 EXECUTIVE DRIVE,HAMPTON,VA,23666,NOT AVAILABLE,(757) 827-1001,PSYCHIATRIC,CLOSED,127,HAMPTON,51650,USA,37.05362786,-76.39571114,622210,"HOSPITALS, PSYCHIATRIC (EXCEPT CONVALESCENT)",http://www.vhi.org,2017/03/06 00:00:00+00,IMAGERY,2017/03/07 00:00:00+00,www.riverside-online.com/rbhc,NOT AVAILABLE,NOT AVAILABLE,51,NON-PROFIT,-999,127,NOT AVAILABLE,N
-77.1580785,38.87008685,5333,18922044,DOMINION HOSPITAL,2960 SLEEPY HOLLOW ROAD,FALLS CHURCH,VA,22044,NOT AVAILABLE,(703) 536-2000,PSYCHIATRIC,OPEN,100,FAIRFAX,51059,USA,38.87008685,-77.1580785,622210,PSYCHIATRIC AND SUBSTANCE ABUSE HOSPITALS,http://www.vhi.org,2020/11/26 00:00:00+00,IMAGERY/OTHER,2017/03/06 00:00:00+00,http://dominionhospital.com/,NOT AVAILABLE,NOT AVAILABLE,51,PROPRIETARY,-999,100,NOT AVAILABLE,N
-75.86407258,37.47542893,5334,12123413,RIVERSIDE SHORE MEMORIAL HOSPITAL,9507 HOSPITAL AVENUE,NASSAWADOX,VA,23413,NOT AVAILABLE,(757) 414-8000,GENERAL ACUTE CARE,OPEN,143,NORTHAMPTON,51131,USA,37.47542893,-75.86407258,622110,GENERAL MEDICAL AND SURGICAL HOSPITALS,http://www.vhi.org,2020/11/26 00:00:00+00,IMAGERY,2014/02/10 00:00:00+00,www.shorehealthservices.org,NOT AVAILABLE,NOT AVAILABLE,51,NON-PROFIT,-999,143,NOT AVAILABLE,Y
-78.01334457,38.45523117,5335,1622701,NOVANT HEALTH UVA HEALTH SYSTEM CULPEPER MEDICAL CENTER,501 SUNSET LANE,CULPEPER,VA,22701,NOT AVAILABLE,(540) 829-4100,GENERAL ACUTE CARE,OPEN,70,CULPEPER,51047,USA,38.45523117,-78.01334457,622110,GENERAL MEDICAL AND SURGICAL HOSPITALS,http://www.vhi.org,2020/11/26 00:00:00+00,IMAGERY,2014/03/12 00:00:00+00,https://uvahealth.com/locations/profile/novant-health-uva-health-system-culpeper-medical-center,NOT AVAILABLE,CULPEPER REGIONAL HOSPITAL,51,NON-PROFIT,-999,70,NOT AVAILABLE,Y
-77.40720772,38.41525697,5337,1422554,STAFFORD HOSPITAL,101 HOSPITAL CENTER BOULEVARD,STAFFORD,VA,22554,NOT AVAILABLE,(540) 741-9050,GENERAL ACUTE CARE,OPEN,100,STAFFORD,51179,USA,38.41525697,-77.40720772,622110,GENERAL MEDICAL AND SURGICAL HOSPITALS,http://www.vhi.org,2020/11/26 00:00:00+00,IMAGERY,2014/02/10 00:00:00+00,http://www.marywashingtonhealthcare.com/stafford-hospital,NOT AVAILABLE,NOT AVAILABLE,51,NON-PROFIT,-999,100,NOT AVAILABLE,Y
-81.50825791,36.85120782,5338,6824354,SMYTH COUNTY COMMUNITY HOSPITAL,565 RADIO HILL ROAD,MARION,VA,24354,NOT AVAILABLE,(276) 782-1234,GENERAL ACUTE CARE,CLOSED,154,SMYTH,51173,USA,36.85120782,-81.50825791,622110,GENERAL MEDICAL AND SURGICAL HOSPITALS,http://www.vdh.virginia.gov/olc/acutecare/hospitals.htm,2016/08/16 00:00:00+00,IMAGERY,2014/02/10 00:00:00+00,http://www.scchosp.org/,NOT AVAILABLE,NOT AVAILABLE,51,NON-PROFIT,-999,154,NOT AVAILABLE,Y
-81.09711541,36.95444682,5339,7024382,WYTHE COUNTY COMMUNITY HOSPITAL,600 WEST RIDGE ROAD,WYTHEVILLE,VA,24382,NOT AVAILABLE,(276) 228-0200,GENERAL ACUTE CARE,OPEN,108,WYTHE,51197,USA,36.95444682,-81.09711541,622110,GENERAL MEDICAL AND SURGICAL HOSPITALS,http://www.vhi.org,2020/11/26 00:00:00+00,IMAGERY,2014/02/10 00:00:00+00,http://www.wcch.org/,NOT AVAILABLE,NOT AVAILABLE,51,PROPRIETARY,-999,108,NOT AVAILABLE,Y
-82.75430539,36.87716898,5340,6624219,WELLMONT LONESOME PINE HOSPITAL,1990 HOLTON AVENUE EAST,BIG STONE GAP,VA,24219,NOT AVAILABLE,(276) 523-3110,GENERAL ACUTE CARE,OPEN,60,WISE,51195,USA,36.87716898,-82.75430539,622110,GENERAL MEDICAL AND SURGICAL HOSPITALS,http://www.vhi.org,2020/11/26 00:00:00+00,IMAGERY,2014/02/10 00:00:00+00,http://www.wellmont.org/hospitals/lonesome-pine-hospital.aspx,NOT AVAILABLE,NOT AVAILABLE,51,NON-PROFIT,-999,60,NOT AVAILABLE,Y
-81.97124979,36.71417631,5341,6724210,JOHNSTON MEMORIAL HOSPITAL,351 COURT STREET NE,ABINGDON,VA,24210,NOT AVAILABLE,(540) 676-7000,GENERAL ACUTE CARE,CLOSED,135,WASHINGTON,51191,USA,36.71417631,-81.97124979,622110,GENERAL MEDICAL AND SURGICAL HOSPITALS,http://www.vdh.virginia.gov/olc/acutecare/hospitals.htm,2016/08/16 00:00:00+00,IMAGERY,2014/02/10 00:00:00+00,www.jmh.org,NOT AVAILABLE,NOT AVAILABLE,51,NON-PROFIT,-999,135,NOT AVAILABLE,N
-77.49073281,37.59062605,5342,10223230,VIBRA HOSPITAL OF RICHMOND LLC,2220 EDWARD HOLLAND DRIVE,RICHMOND,VA,23230,NOT AVAILABLE,(804) 678-7000,LONG TERM CARE,OPEN,60,HENRICO,51087,USA,37.59062605,-77.49073281,622310,SPECIALTY (EXCEPT PSYCHIATRIC AND SUBSTANCE ABUSE) HOSPITALS,http://www.vhi.org,2020/11/26 00:00:00+00,IMAGERY/OTHER,2014/02/10 00:00:00+00,www.vibrahealthcare.com,NOT AVAILABLE,KINDRED HOSPITAL RICHMOND,51,PROPRIETARY,-999,60,NOT AVAILABLE,N
-82.07878438,36.89871348,5343,6224266,RUSSELL COUNTY MEDICAL CENTER,58 CARROLL STREET,LEBANON,VA,24266,NOT AVAILABLE,(276) 883-8000,GENERAL ACUTE CARE,OPEN,78,RUSSELL,51167,USA,36.89871348,-82.07878438,622110,GENERAL MEDICAL AND SURGICAL HOSPITALS,http://www.vhi.org,2020/11/26 00:00:00+00,IMAGERY,2014/02/10 00:00:00+00,http://www.msha.com/facility.cfm?id=967,NOT AVAILABLE,NOT AVAILABLE,51,NON-PROFIT,-999,78,NOT AVAILABLE,Y
-81.48895155,37.1238875,5344,5824651,CARILION TAZEWELL COMMUNITY HOSPITAL,141 BEN BOLT AVENUE,TAZEWELL,VA,24651,NOT AVAILABLE,(276) 988-8700,GENERAL ACUTE CARE,OPEN,56,TAZEWELL,51185,USA,37.1238875,-81.48895155,622110,GENERAL MEDICAL AND SURGICAL HOSPITALS,http://www.vhi.org,2020/11/26 00:00:00+00,IMAGERY,2014/02/10 00:00:00+00,http://www.carilionclinic.org/carilion/carilion+tazewell+community+hospital,NOT AVAILABLE,NOT AVAILABLE,51,NON-PROFIT,-999,56,NOT AVAILABLE,Y
-81.82028185,37.09471726,5346,5924641,CLINCH VALLEY MEDICAL CENTER,6801 GOV. G.C. PEERY HIGHWAY,RICHLANDS,VA,24641,NOT AVAILABLE,(276) 596-6000,GENERAL ACUTE CARE,OPEN,175,TAZEWELL,51185,USA,37.09471726,-81.82028185,622110,GENERAL MEDICAL AND SURGICAL HOSPITALS,http://www.vhi.org,2020/11/26 00:00:00+00,IMAGERY,2014/02/10 00:00:00+00,www.clinchvalleymedicalcenter.com,NOT AVAILABLE,NOT AVAILABLE,51,PROPRIETARY,-999,175,NOT AVAILABLE,Y
-77.48752622,38.76731361,5348,4220110,NOVANT HEALTH PRINCE WILLIAM MEDICAL CENTER,8700 SUDLEY ROAD,MANASSAS,VA,20110,NOT AVAILABLE,(703) 369-8000,GENERAL ACUTE CARE,OPEN,130,MANASSAS,51683,USA,38.76731361,-77.48752622,622110,GENERAL MEDICAL AND SURGICAL HOSPITALS,http://www.vhi.org,2020/11/26 00:00:00+00,IMAGERY,2014/03/12 00:00:00+00,http://www.pwhs.org/,NOT AVAILABLE,PRINCE WILLIAM HOSPITAL,51,NON-PROFIT,-999,130,NOT AVAILABLE,Y
-80.0316691,37.26333237,5349,4824153,LEWISGALE MEDICAL CENTER,1900 ELECTRIC ROAD,SALEM,VA,24153,NOT AVAILABLE,(540) 776-4000,GENERAL ACUTE CARE,OPEN,506,SALEM,51775,USA,37.26333237,-80.0316691,622110,GENERAL MEDICAL AND SURGICAL HOSPITALS,http://www.vhi.org,2020/11/26 00:00:00+00,IMAGERY,2014/03/12 00:00:00+00,www.lewis-gale.com,NOT AVAILABLE,NOT AVAILABLE,51,PROPRIETARY,-999,506,NOT AVAILABLE,Y
-76.38749461,37.70122087,5350,14822482,BON SECOURS RAPPAHANNOCK GENERAL HOSPITAL,101 HARRIS DRIVE,KILMARNOCK,VA,22482,NOT AVAILABLE,(804) 435-8000,GENERAL ACUTE CARE,OPEN,76,LANCASTER,51103,USA,37.70122087,-76.38749461,622110,GENERAL MEDICAL AND SURGICAL HOSPITALS,http://www.vhi.org,2020/11/26 00:00:00+00,IMAGERY,2014/02/10 00:00:00+00,www.richmond.bonsecours.com/find-a-facility-rappahannock-general-hospital.html,NOT AVAILABLE,NOT AVAILABLE,51,NON-PROFIT,-999,76,NOT AVAILABLE,Y
-78.13344839,36.73360094,5351,11723970,VCU HEALTH COMMUNITY MEMORIAL HEALTHCENTER,125 BUENA VISTA CIRCLE,SOUTH HILL,VA,23970,NOT AVAILABLE,(434) 447-3150,GENERAL ACUTE CARE,OPEN,99,MECKLENBURG,51117,USA,36.73360094,-78.13344839,622110,GENERAL MEDICAL AND SURGICAL HOSPITALS,http://www.vhi.org,2020/11/26 00:00:00+00,IMAGERY,2014/02/10 00:00:00+00,www.cmh-sh.org,NOT AVAILABLE,COMMUNITY MEMORIAL HEALTHCENTER,51,NON-PROFIT,-999,99,NOT AVAILABLE,N
-77.37984899,38.88458862,5352,3022033,INOVA FAIR OAKS HOSPITAL,3600 JOSEPH SIEWICK DRIVE,FAIRFAX,VA,22033,NOT AVAILABLE,(703) 391-3600,GENERAL ACUTE CARE,OPEN,182,FAIRFAX,51059,USA,38.88458862,-77.37984899,622110,GENERAL MEDICAL AND SURGICAL HOSPITALS,http://www.vhi.org,2020/11/26 00:00:00+00,IMAGERY,2014/03/12 00:00:00+00,http://www.inova.org/patient-and-visitor-information/facilities/inova-fair-oaks-hospital/index.jsp,NOT AVAILABLE,NOT AVAILABLE,51,NON-PROFIT,-999,182,NOT AVAILABLE,Y
-82.64197514,36.93295679,5356,6524273,NORTON COMMUNITY HOSPITAL,100 15TH STREET NORTHWEST,NORTON,VA,24273,NOT AVAILABLE,(276) 679-9600,GENERAL ACUTE CARE,OPEN,129,NORTON,51720,USA,36.93295679,-82.64197514,622110,GENERAL MEDICAL AND SURGICAL HOSPITALS,http://www.vhi.org,2020/11/26 00:00:00+00,IMAGERY,2014/02/10 00:00:00+00,http://www.nchosp.org/,NOT AVAILABLE,NOT AVAILABLE,51,NON-PROFIT,-999,129,NOT AVAILABLE,Y
-76.09801829,36.77521823,5357,147423456,SENTARA PRINCESS ANNE HOSPITAL,2025 GLENN MITCHELL DRIVE,VIRGINIA BEACH,VA,23456,NOT AVAILABLE,(757) 507-1520,GENERAL ACUTE CARE,OPEN,160,VIRGINIA BEACH,51810,USA,36.77521823,-76.09801829,622110,GENERAL MEDICAL AND SURGICAL HOSPITALS,http://www.vhi.org,2020/11/26 00:00:00+00,IMAGERY/OTHER,2015/03/26 00:00:00+00,www.sentara.com/hospitalsfacilities/hospitals/princess-anne/pages/princess-anne.aspx,NOT AVAILABLE,NOT AVAILABLE,51,NON-PROFIT,-999,160,NOT AVAILABLE,Y
-77.54272258,38.94013168,5358,19620166,STONE SPRINGS HOSPITAL CENTER,24440 STONE SPRINGS BLVD,DULLES,VA,20166,NOT AVAILABLE,(571) 349-4000,GENERAL ACUTE CARE,OPEN,124,LOUDOUN,51107,USA,38.94013168,-77.54272258,622110,GENERAL MEDICAL AND SURGICAL HOSPITALS,http://www.vhi.org,2020/11/26 00:00:00+00,IMAGERY/OTHER,2017/03/07 00:00:00+00,http://stonespringshospital.com/,NOT AVAILABLE,NOT AVAILABLE,51,PROPRIETARY,-999,124,NOT AVAILABLE,Y
-76.73599165,37.2898228,5359,20023188,EASTERN STATE HOSPITAL,4601 IRONBOUND ROAD,WILLIAMSBURG,VA,23188,2652,(757) 253-5161,PSYCHIATRIC,OPEN,300,JAMES CITY,51670,USA,37.2898228,-76.73599165,622210,PSYCHIATRIC AND SUBSTANCE ABUSE HOSPITALS,http://www.vhi.org,2020/11/26 00:00:00+00,IMAGERY/OTHER,2017/03/09 00:00:00+00,http://www.esh.dbhds.virginia.gov/,NOT AVAILABLE,NOT AVAILABLE,51,GOVERNMENT - STATE,-999,300,NOT AVAILABLE,N
-77.23203453,38.85788919,5360,20122042,NORTHERN VIRGINIA MENTAL HEALTH INSTITUTE,3302 GALLOWS ROAD,FALLS CHURCH,VA,22042,3398,(703) 207-7100,PSYCHIATRIC,OPEN,123,FAIRFAX,51059,USA,38.85788919,-77.23203453,622210,PSYCHIATRIC AND SUBSTANCE ABUSE HOSPITALS,http://www.vhi.org,2020/11/26 00:00:00+00,IMAGERY/OTHER,2017/03/09 00:00:00+00,http://www.nvmhi.dbhds.virginia.gov/,NOT AVAILABLE,NOT AVAILABLE,51,GOVERNMENT - STATE,-999,123,NOT AVAILABLE,N
-77.35925387,37.18249302,5527,9723805,SOUTHSIDE REGIONAL MEDICAL CENTER,200 MEDICAL PARK BOULEVARD,PETERSBURG,VA,23805,NOT AVAILABLE,(804) 765-5000,GENERAL ACUTE CARE,OPEN,300,PETERSBURG,51730,USA,37.18249302,-77.35925387,622110,GENERAL MEDICAL AND SURGICAL HOSPITALS,http://www.vhi.org,2020/11/26 00:00:00+00,IMAGERY,2013/11/11 00:00:00+00,www.srmconline.com,NOT AVAILABLE,NOT AVAILABLE,51,PROPRIETARY,-999,300,LEVEL III,Y
-77.53988567,37.60437942,5856,10123229,HENRICO DOCTORS' HOSPITAL,1602 SKIPWITH ROAD,RICHMOND,VA,23229,NOT AVAILABLE,(804) 289-4500,GENERAL ACUTE CARE,OPEN,340,HENRICO,51087,USA,37.60437942,-77.53988567,622110,GENERAL MEDICAL AND SURGICAL HOSPITALS,http://www.vhi.org,2020/11/26 00:00:00+00,IMAGERY,2014/02/10 00:00:00+00,http://henricodoctors.com/,NOT AVAILABLE,HENRICO DOCTORS HOSPITAL MAIN CAMPUS (FOREST),51,PROPRIETARY,-999,340,LEVEL II,Y
-80.4110117,37.18720637,5859,144624060,LEWISGALE HOSPITAL MONTGOMERY,3700 SOUTH MAIN STREET,BLACKSBURG,VA,24060,NOT AVAILABLE,(540) 951-1111,GENERAL ACUTE CARE,OPEN,146,MONTGOMERY,51121,USA,37.18720637,-80.4110117,622110,GENERAL MEDICAL AND SURGICAL HOSPITALS,http://www.vhi.org,2020/11/26 00:00:00+00,IMAGERY/OTHER,2015/03/26 00:00:00+00,www.lewisgale.com,NOT AVAILABLE,MONTGOMERY REGIONAL HOSPITAL,51,NOT AVAILABLE,-999,146,LEVEL III,Y
-76.02837358,36.86623923,5869,19723454,VIRGINIA BEACH PSYCHIATRIC CENTER,1100 FIRST COLONIAL ROAD,VIRGINIA BEACH,VA,23454,NOT AVAILABLE,(757) 496-6000,PSYCHIATRIC,OPEN,100,VIRGINIA BEACH,51810,USA,36.86623923,-76.02837358,622210,PSYCHIATRIC AND SUBSTANCE ABUSE HOSPITALS,http://www.vhi.org,2020/11/26 00:00:00+00,IMAGERY/OTHER,2017/03/07 00:00:00+00,www.vbpcweb.com,NOT AVAILABLE,NOT AVAILABLE,51,PROPRIETARY,-999,100,NOT AVAILABLE,N
-76.74059784,37.25551282,5946,13623185,DOCTORS DIAGNOSTIC CENTER- WILLIAMSBURG,120 KINGS WAY,WILLIAMSBURG,VA,23185,NOT AVAILABLE,(757) 645-3130,GENERAL ACUTE CARE,CLOSED,-999,JAMES CITY,51095,USA,37.25551282,-76.74059784,622110,GENERAL MEDICAL AND SURGICAL HOSPITALS,http://www.vdh.virginia.gov/olc/acutecare/hospitals.htm,2016/08/16 00:00:00+00,IMAGERY,2014/02/10 00:00:00+00,http://www.riversideonline.com/facilities/outpatient-centers.cfm,NOT AVAILABLE,NOT AVAILABLE,51,NON-PROFIT,-999,-999,NOT AVAILABLE,N
-78.40431589,37.30267955,5947,10723901,CENTRA SOUTHSIDE COMMUNITY HOSPITAL,800 OAK STREET,FARMVILLE,VA,23901,NOT AVAILABLE,(434) 392-8811,GENERAL ACUTE CARE,OPEN,116,PRINCE EDWARD,51147,USA,37.30267955,-78.40431589,622110,GENERAL MEDICAL AND SURGICAL HOSPITALS,http://www.vhi.org,2020/11/26 00:00:00+00,IMAGERY,2014/02/10 00:00:00+00,http://centrasouthside.com/,NOT AVAILABLE,"SOUTHSIDE COMMUNITY HOSPITAL, INC.",51,NON-PROFIT,-999,116,NOT AVAILABLE,Y
-78.49868708,38.0313398,5948,2222908,UNIVERSITY OF VIRGINIA MEDICAL CENTER,1215 LEE STREET,CHARLOTTESVILLE,VA,22903,NOT AVAILABLE,(434) 924-0210,GENERAL ACUTE CARE,OPEN,614,CHARLOTTESVILLE,51540,USA,38.0313398,-78.49868708,622110,GENERAL MEDICAL AND SURGICAL HOSPITALS,http://www.vhi.org,2020/11/26 00:00:00+00,IMAGERY,2014/03/12 00:00:00+00,www.med.virginia.edu,NOT AVAILABLE,NOT AVAILABLE,51,GOVERNMENT - STATE,-999,614,LEVEL I,Y
-78.52507479,38.02492365,5949,2322903,UVA ENCOMPASS HEALTH REHABILITATION HOSPITAL,515 RAY C. HUNT DRIVE,CHARLOTTESVILLE,VA,22903,NOT AVAILABLE,(434) 244-2000,REHABILITATION,OPEN,50,ALBEMARLE,51003,USA,38.02492365,-78.52507479,622310,"REHABILITATION HOSPITALS (EXCEPT ALCOHOLISM, DRUG ADDICTION)",http://www.vhi.org,2020/11/26 00:00:00+00,IMAGERY,2014/02/10 00:00:00+00,https://www.encompasshealth.com/uvarehab,NOT AVAILABLE,NOT AVAILABLE,51,PROPRIETARY,-999,50,NOT AVAILABLE,N
-77.49595136,38.21751607,5950,1322408,SPOTSYLVANIA REGIONAL MEDICAL CENTER,4600 SPOTSYLVANIA PARKWAY,FREDERICKSBURG,VA,22408,NOT AVAILABLE,(540) 498-4000,GENERAL ACUTE CARE,OPEN,100,SPOTSYLVANIA,51177,USA,38.21751607,-77.49595136,622110,GENERAL MEDICAL AND SURGICAL HOSPITALS,http://www.vhi.org,2020/11/26 00:00:00+00,IMAGERY,2014/02/10 00:00:00+00,http://www.spotsrmc.com/,NOT AVAILABLE,NOT AVAILABLE,51,PROPRIETARY,-999,100,NOT AVAILABLE,Y
-80.9239287,36.67066197,5951,6924333,TWIN COUNTY REGIONAL HOSPITAL,200 HOSPITAL DRIVE,GALAX,VA,24333,NOT AVAILABLE,(276) 236-8180,GENERAL ACUTE CARE,OPEN,141,GALAX,51640,USA,36.67066197,-80.9239287,622110,GENERAL MEDICAL AND SURGICAL HOSPITALS,http://www.vhi.org,2020/11/26 00:00:00+00,IMAGERY,2014/02/10 00:00:00+00,www.tcrh.org/,NOT AVAILABLE,NOT AVAILABLE,51,NON-PROFIT,-999,141,NOT AVAILABLE,Y
-76.34743187,36.83663636,5952,14623707,BON SECOURS MARYVIEW MEDICAL CENTER,3636 HIGH STREET,PORTSMOUTH,VA,23707,NOT AVAILABLE,(757) 398-2200,GENERAL ACUTE CARE,OPEN,346,PORTSMOUTH,51740,USA,36.83663636,-76.34743187,622110,GENERAL MEDICAL AND SURGICAL HOSPITALS,http://www.vhi.org,2020/11/26 00:00:00+00,IMAGERY,2014/02/10 00:00:00+00,http://www.bonsecourshamptonroads.com/find-a-facility-maryview-medical-center.html,NOT AVAILABLE,NOT AVAILABLE,51,NON-PROFIT,-999,346,NOT AVAILABLE,Y
-78.91455143,36.71211512,5953,11824592,SENTARA HALIFAX REGIONAL HOSPITAL,2204 WILBORN AVENUE,SOUTH BOSTON,VA,24592,NOT AVAILABLE,(434) 517-3100,GENERAL ACUTE CARE,OPEN,192,HALIFAX,51083,USA,36.71211512,-78.91455143,622110,GENERAL MEDICAL AND SURGICAL HOSPITALS,http://www.vhi.org,2020/11/26 00:00:00+00,IMAGERY,2014/02/10 00:00:00+00,http://www.hrhs.org/,NOT AVAILABLE,HALIFAX REGIONAL HEALTH SYSTEM,51,NON-PROFIT,-999,192,NOT AVAILABLE,N
-77.28634942,38.63707254,5954,4322191,SENTARA NORTHERN VIRGINIA MEDICAL CENTER,2300 OPITZ BOULEVARD,WOODBRIDGE,VA,22191,NOT AVAILABLE,(703) 670-1310,GENERAL ACUTE CARE,OPEN,183,PRINCE WILLIAM,51153,USA,38.63707254,-77.28634942,622110,GENERAL MEDICAL AND SURGICAL HOSPITALS,http://www.vhi.org,2020/11/26 00:00:00+00,IMAGERY,2014/02/10 00:00:00+00,www.sentara.com/northern-virginia,NOT AVAILABLE,NOT AVAILABLE,51,NON-PROFIT,-999,183,NOT AVAILABLE,Y
-77.3084054,38.51265346,5955,16222134,NAVAL HEALTH CLINIC (JOHN HENRY BALCH),3259 CATLIN AVENUE,QUANTICO,VA,22134,NOT AVAILABLE,NOT AVAILABLE,GENERAL ACUTE CARE,OPEN,-999,PRINCE WILLIAM,51153,USA,38.51265346,-77.3084054,622110,GENERAL MEDICAL AND SURGICAL HOSPITALS,http://www.vhi.org,2020/11/26 00:00:00+00,IMAGERY,2014/02/10 00:00:00+00,http://www.tricare.mil/mtf/facility.aspx?fid=304,NOT AVAILABLE,NOT AVAILABLE,51,GOVERNMENT - FEDERAL,-999,-999,NOT AVAILABLE,N
-76.30167623,36.86252074,5956,12723507,CHILDREN'S HOSPITAL OF THE KINGS DAUGHTERS,601 CHILDRENS LANE,NORFOLK,VA,23507,NOT AVAILABLE,(757) 668-7000,CHILDREN,OPEN,206,NORFOLK,51710,USA,36.86252074,-76.30167623,622110,"CHILDREN'S HOSPITALS, GENERAL",http://www.vhi.org,2020/11/26 00:00:00+00,IMAGERY,2014/03/12 00:00:00+00,www.chkd.org,NOT AVAILABLE,NOT AVAILABLE,51,NON-PROFIT,-999,206,LEVEL I,Y
-76.30284416,36.86217987,5957,13223507,SENTARA NORFOLK GENERAL HOSPITAL,600 GRESHAM DRIVE,NORFOLK,VA,23507,NOT AVAILABLE,(757) 388-3000,GENERAL ACUTE CARE,OPEN,543,NORFOLK,51710,USA,36.86217987,-76.30284416,622110,GENERAL MEDICAL AND SURGICAL HOSPITALS,http://www.vhi.org,2020/11/26 00:00:00+00,IMAGERY,2014/03/12 00:00:00+00,http://www.sentara.com/hospitalsfacilities/hospitals/norfolkgeneral/pages/norfolkgeneral.aspx,NOT AVAILABLE,NOT AVAILABLE,51,NON-PROFIT,-999,543,LEVEL I,Y
-77.40693984,37.54016604,5958,10823223,BON SECOURS RICHMOND COMMUNITY HOSPITAL,1500 NORTH 28TH STREET,RICHMOND,VA,23223,NOT AVAILABLE,(804) 225-1700,GENERAL ACUTE CARE,OPEN,104,RICHMOND CITY,51760,USA,37.54016604,-77.40693984,622110,GENERAL MEDICAL AND SURGICAL HOSPITALS,http://www.vhi.org,2020/11/26 00:00:00+00,IMAGERY,2014/02/10 00:00:00+00,http://richmond.bonsecours.com/find-a-facility-richmond-community-hospital.html,NOT AVAILABLE,NOT AVAILABLE,51,NON-PROFIT,-999,104,NOT AVAILABLE,N
-77.52639389,37.51389818,5959,11023225,CJW MEDICAL CENTER CHIPPENHAM CAMPUS,7101 JAHNKE ROAD,RICHMOND,VA,23225,NOT AVAILABLE,(804) 320-3910,GENERAL ACUTE CARE,OPEN,466,RICHMOND CITY,51760,USA,37.51389818,-77.52639389,622110,GENERAL MEDICAL AND SURGICAL HOSPITALS,http://www.vhi.org,2020/11/26 00:00:00+00,IMAGERY,2013/11/12 00:00:00+00,http://chippenhammed.com/,NOT AVAILABLE,NOT AVAILABLE,51,PROPRIETARY,-999,466,LEVEL II,Y
-80.10989745,37.39143134,5960,4724070,CATAWBA HOSPITAL,5525 CATAWBA HOSPITAL DRIVE,CATAWBA,VA,24070,NOT AVAILABLE,(540) 375-4200,PSYCHIATRIC,OPEN,110,ROANOKE,51161,USA,37.39143134,-80.10989745,622210,PSYCHIATRIC AND SUBSTANCE ABUSE HOSPITALS,http://www.vhi.org,2020/11/26 00:00:00+00,IMAGERY,2014/02/10 00:00:00+00,http://www.catawba.dmhmrsas.virginia.gov/,NOT AVAILABLE,NOT AVAILABLE,51,GOVERNMENT - STATE,-999,110,NOT AVAILABLE,N
-76.51167193,37.14447262,5961,13423602,BON SECOURS MARY IMMACULATE HOSPITAL,2 BERNARDINE DRIVE,NEWPORT NEWS,VA,23602,NOT AVAILABLE,(757) 886-6200,GENERAL ACUTE CARE,OPEN,110,NEWPORT NEWS,51700,USA,37.14447262,-76.51167193,622110,GENERAL MEDICAL AND SURGICAL HOSPITALS,http://www.vhi.org,2020/11/26 00:00:00+00,IMAGERY,2014/02/10 00:00:00+00,http://www.bonsecourshamptonroads.com/find-a-facility-mary-immaculate-hospital.html,NOT AVAILABLE,NOT AVAILABLE,51,NON-PROFIT,-999,110,NOT AVAILABLE,Y
-76.48303428,37.06424346,5962,14123601,RIVERSIDE REGIONAL MEDICAL CENTER,500 J. CLYDE MORRIS BLVD,NEWPORT NEWS,VA,23601,NOT AVAILABLE,(757) 594-2000,GENERAL ACUTE CARE,OPEN,577,NEWPORT NEWS,51700,USA,37.06424346,-76.48303428,622110,GENERAL MEDICAL AND SURGICAL HOSPITALS,http://www.vhi.org,2020/11/26 00:00:00+00,IMAGERY,2014/02/10 00:00:00+00,www.riverside-online.com/rrmc,NOT AVAILABLE,NOT AVAILABLE,51,NON-PROFIT,-999,577,LEVEL II,Y
-76.0264938,36.86457361,5963,15323454,SENTARA VIRGINIA BEACH GENERAL HOSPITAL,1060 FIRST COLONIAL ROAD,VIRGINIA BEACH,VA,23454,NOT AVAILABLE,(757) 395-8000,GENERAL ACUTE CARE,OPEN,282,VIRGINIA BEACH,51810,USA,36.86457361,-76.0264938,622110,GENERAL MEDICAL AND SURGICAL HOSPITALS,http://www.vhi.org,2020/11/26 00:00:00+00,IMAGERY,2014/03/12 00:00:00+00,http://www.sentara.com/hospitalsfacilities/hospitals/beachgeneral/pages/virginiabeach.aspx,NOT AVAILABLE,NOT AVAILABLE,51,NON-PROFIT,-999,282,LEVEL III,Y
-77.4832286,38.31152189,5965,1222401,MARY WASHINGTON HOSPITAL,1001 SAM PERRY BOULEVARD,FREDERICKSBURG,VA,22401,NOT AVAILABLE,(540) 741-1100,GENERAL ACUTE CARE,OPEN,420,FREDERICKSBURG,51630,USA,38.31152189,-77.4832286,622110,GENERAL MEDICAL AND SURGICAL HOSPITALS,http://www.vhi.org,2020/11/26 00:00:00+00,IMAGERY/OTHER,2014/02/10 00:00:00+00,http://www.marywashingtonhealthcare.com/,NOT AVAILABLE,NOT AVAILABLE,51,NON-PROFIT,-999,420,LEVEL II,Y
-77.29126387,37.30803777,5967,9523860,JOHN RANDOLPH MEDICAL CENTER,411 WEST RANDOLPH ROAD,HOPEWELL,VA,23860,NOT AVAILABLE,(804) 541-1600,GENERAL ACUTE CARE,OPEN,147,HOPEWELL,51670,USA,37.30803777,-77.29126387,622110,GENERAL MEDICAL AND SURGICAL HOSPITALS,http://www.vhi.org,2020/11/26 00:00:00+00,IMAGERY,2014/02/10 00:00:00+00,www.johnrandolphmed.com,NOT AVAILABLE,NOT AVAILABLE,51,PROPRIETARY,-999,147,NOT AVAILABLE,Y
-80.72250418,37.32222391,5968,7124134,CARILION GILES MEMORIAL HOSPITAL,1 TAYLOR AVENUE,PEARISBURG,VA,24134,NOT AVAILABLE,(540) 921-6000,GENERAL ACUTE CARE,CLOSED,25,GILES,51071,USA,37.32222391,-80.72250418,622110,GENERAL MEDICAL AND SURGICAL HOSPITALS,http://www.vdh.virginia.gov/olc/acutecare/hospitals.htm,2016/08/16 00:00:00+00,IMAGERY,2014/02/10 00:00:00+00,http://www.carilionclinic.org/carilion/cgch,NOT AVAILABLE,NOT AVAILABLE,51,NON-PROFIT,-999,25,NOT AVAILABLE,Y
-76.54177578,37.41981658,5969,15023061,RIVERSIDE WALTER REED HOSPITAL,7519 HOSPITAL DRIVE,GLOUCESTER,VA,23061,NOT AVAILABLE,(804) 693-8800,GENERAL ACUTE CARE,OPEN,67,GLOUCESTER,51073,USA,37.41981658,-76.54177578,622110,GENERAL MEDICAL AND SURGICAL HOSPITALS,http://www.vhi.org,2020/11/26 00:00:00+00,IMAGERY,2014/02/10 00:00:00+00,www.riverside-online.com/rwrh,NOT AVAILABLE,NOT AVAILABLE,51,NON-PROFIT,-999,67,NOT AVAILABLE,Y
-83.05077601,36.7487388,5970,6324277,LEE REGIONAL MEDICAL CENTER,1800 COMBS ROAD,PENNINGTON GAP,VA,24277,NOT AVAILABLE,(276) 546-1440,GENERAL ACUTE CARE,CLOSED,70,LEE,51105,USA,36.7487388,-83.05077601,622110,GENERAL MEDICAL AND SURGICAL HOSPITALS,http://www.vdh.virginia.gov/olc/acutecare/hospitals.htm,2016/08/16 00:00:00+00,IMAGERY,2014/02/10 00:00:00+00,"http://www.wellmont.org/news/our-facilities/hospitals-and-medical-centers/community/lee-regional/2013/lee-regional-closing-in-wake-of-healthcare-reform;-hospital-to-help-patients,-co-workers-transition.aspx",NOT AVAILABLE,NOT AVAILABLE,51,NON-PROFIT,-999,70,NOT AVAILABLE,Y
-76.58111118,36.77331468,5973,15823434,SENTARA OBICI HOSPITAL,2800 GODWIN BOULEVARD,SUFFOLK,VA,23434,NOT AVAILABLE,(757) 934-4000,GENERAL ACUTE CARE,OPEN,150,SUFFOLK,51800,USA,36.77331468,-76.58111118,622110,GENERAL MEDICAL AND SURGICAL HOSPITALS,http://www.vhi.org,2020/11/26 00:00:00+00,IMAGERY,2014/02/10 00:00:00+00,http://www.sentara.com/hospitalsfacilities/hospitals/obici/pages/obici.aspx,NOT AVAILABLE,NOT AVAILABLE,51,NON-PROFIT,-999,150,NOT AVAILABLE,Y
-79.89034788,36.99404821,5976,8124151,CARILION FRANKLIN MEMORIAL HOSPITAL,390 SOUTH MAIN STREET,ROCKY MOUNT,VA,24151,NOT AVAILABLE,(540) 483-5280,GENERAL ACUTE CARE,OPEN,37,FRANKLIN,51067,USA,36.99404821,-79.89034788,622110,GENERAL MEDICAL AND SURGICAL HOSPITALS,http://www.vhi.org,2020/11/26 00:00:00+00,IMAGERY,2014/02/10 00:00:00+00,http://www.carilionclinic.org/carilion/franklin+memorial+hospital,NOT AVAILABLE,NOT AVAILABLE,51,NON-PROFIT,-999,37,NOT AVAILABLE,Y
-78.1932251,39.19428081,5977,922601,VALLEY HEALTH WINCHESTER MEDICAL CENTER,1840 AMHERST STREET,WINCHESTER,VA,22601,NOT AVAILABLE,(540) 536-8000,GENERAL ACUTE CARE,OPEN,411,WINCHESTER,51840,USA,39.19428081,-78.1932251,622110,GENERAL MEDICAL AND SURGICAL HOSPITALS,http://www.vhi.org,2020/11/26 00:00:00+00,IMAGERY,2014/02/10 00:00:00+00,http://www.valleyhealthlink.com/wmc,NOT AVAILABLE,WINCHESTER MEDICAL CENTER,51,NON-PROFIT,-999,411,LEVEL II,Y
-77.22768012,38.85819852,5979,3122042,INOVA FAIRFAX HOSPITAL,3300 GALLOWS ROAD,FALLS CHURCH,VA,22042,NOT AVAILABLE,(703) 776-4000,GENERAL ACUTE CARE,OPEN,923,FAIRFAX,51059,USA,38.85819852,-77.22768012,622110,GENERAL MEDICAL AND SURGICAL HOSPITALS,http://www.vhi.org,2020/11/26 00:00:00+00,IMAGERY,2014/03/12 00:00:00+00,http://www.inova.org/patient-and-visitor-information/facilities/inova-fairfax-hospital/index.jsp,NOT AVAILABLE,NOT AVAILABLE,51,NON-PROFIT,-999,923,LEVEL I,Y
-77.55282187,38.93912604,5985,146320105,ENCOMPASS HEALTH REHAB HOSP OF NORTHERN VIRGINIA,24430 MILLSTREAM DRIVE,ALDIE,VA,20105,NOT AVAILABLE,(434) 957-2000,REHABILITATION,OPEN,55,LOUDOUN,51107,USA,38.93912604,-77.55282187,622310,"REHABILITATION HOSPITALS (EXCEPT ALCOHOLISM, DRUG ADDICTION)",http://www.vhi.org,2020/11/26 00:00:00+00,IMAGERY/OTHER,2015/03/26 00:00:00+00,https://www.encompasshealth.com/northernvirginiarehab,NOT AVAILABLE,NOT AVAILABLE,51,PROPRIETARY,-999,55,NOT AVAILABLE,N
-79.8812189,37.7921888,5986,148424457,LEWISGALE HOSPITAL ALLEGHANY,ONE ARCH LANE,LOW MOOR,VA,24457,NOT AVAILABLE,(540) 862-6011,GENERAL ACUTE CARE,OPEN,205,ALLEGHANY,51005,USA,37.7921888,-79.8812189,622110,GENERAL MEDICAL AND SURGICAL HOSPITALS,http://www.vhi.org,2020/11/26 00:00:00+00,IMAGERY/OTHER,2015/03/26 00:00:00+00,www.alleghanyregional.com,NOT AVAILABLE,NOT AVAILABLE,51,PROPRIETARY,-999,205,NOT AVAILABLE,Y
-81.48836745,36.85202553,5987,148624354,SMYTH COUNTY COMMUNITY HOSPITAL,245 MEDICAL PARK DRIVE,MARION,VA,24354,NOT AVAILABLE,(276) 378-1200,GENERAL ACUTE CARE,OPEN,44,SMYTH,51173,USA,36.85202553,-81.48836745,622110,GENERAL MEDICAL AND SURGICAL HOSPITALS,http://www.vhi.org,2020/11/26 00:00:00+00,IMAGERY/OTHER,2015/03/26 00:00:00+00,www.scchosp.org,NOT AVAILABLE,NOT AVAILABLE,51,GOVERNMENT - LOCAL,-999,44,NOT AVAILABLE,Y
-77.64280762,38.82079041,5988,19020169,NOVANT HEALTH UVA HEALTH SYSTEM HAYMARKET MEDICAL CENTER,15225 HEALTHCOTE BLVD,HAYMARKET,VA,20169,NOT AVAILABLE,(571) 284-1000,GENERAL ACUTE CARE,OPEN,60,PRINCE WILLIAM,51153,USA,38.82079041,-77.64280762,622110,GENERAL MEDICAL AND SURGICAL HOSPITALS,http://www.vhi.org,2020/11/26 00:00:00+00,IMAGERY,2017/03/07 00:00:00+00,www.novanthealth.org/haymarket,NOT AVAILABLE,NOT AVAILABLE,51,NON-PROFIT,-999,60,NOT AVAILABLE,Y
-76.6683812,37.25089548,5989,19523185,RIVERSIDE DOCTORS' HOSPITAL WILLIAMSBURG,1500 COMMONWEALTH AVENUE,WILLIAMSBURG,VA,23185,NOT AVAILABLE,(757) 585-2200,GENERAL ACUTE CARE,OPEN,40,WILLIAMSBURG,51830,USA,37.25089548,-76.6683812,622110,GENERAL MEDICAL AND SURGICAL HOSPITALS,http://www.vhi.org,2020/11/26 00:00:00+00,IMAGERY/OTHER,2017/03/07 00:00:00+00,www.riversideonline.com/rdhw,NOT AVAILABLE,NOT AVAILABLE,51,NON-PROFIT,-999,40,NOT AVAILABLE,Y
-77.59494114,37.51068828,5990,8523235,CJW MEDICAL CENTER JOHNSTON WILLIS CAMPUS,1401 JOHNSTON-WILLIS DRIVE,RICHMOND,VA,23235,NOT AVAILABLE,(804) 330-2000,GENERAL ACUTE CARE,OPEN,292,CHESTERFIELD,51041,USA,37.51068828,-77.59494114,622110,GENERAL MEDICAL AND SURGICAL HOSPITALS,http://www.vhi.org,2020/11/26 00:00:00+00,IMAGERY,2014/02/10 00:00:00+00,http://chippenhammed.com/,NOT AVAILABLE,NOT AVAILABLE,51,PROPRIETARY,-999,292,LEVEL III,Y
-80.50544111,37.08910231,5991,7224073,CARILION NEW RIVER VALLEY DBA ST. ALBANS,2900 LAMB CIRCLE,CHRISTIANSBURG,VA,24073,NOT AVAILABLE,(540) 731-2000,GENERAL ACUTE CARE,OPEN,110,MONTGOMERY,51121,USA,37.08910231,-80.50544111,622110,GENERAL MEDICAL AND SURGICAL HOSPITALS,http://www.vhi.org,2020/11/26 00:00:00+00,IMAGERY,2014/02/10 00:00:00+00,https://www.carilionclinic.org/locations/carilion-clinic-saint-albans-hospital,CNOT AVAILABLE,NOT AVAILABLE,51,NON-PROFIT,-999,110,LEVEL III,Y
-79.93920592,37.26607749,5994,7824013,CARILION ROANOKE COMMUNITY HOSPITAL,101 ELM AVENUE SE,ROANOKE,VA,24013,NOT AVAILABLE,(540) 981-7750,GENERAL ACUTE CARE,OPEN,197,ROANOKE CITY,51770,USA,37.26607749,-79.93920592,622110,GENERAL MEDICAL AND SURGICAL HOSPITALS,http://www.vhi.org,2020/11/26 00:00:00+00,IMAGERY,2014/02/10 00:00:00+00,http://www.carilionclinic.org/crch/roanoke-community-hospital,NOT AVAILABLE,NOT AVAILABLE,51,PROPRIETARY,-999,197,NOT AVAILABLE,N
-79.18784233,37.43789546,6052,5624503,CENTRA HEALTH VIRGINIA BAPTIST HOSPITAL,3300 RIVERMONT AVENUE,LYNCHBURG,VA,24503,NOT AVAILABLE,(434) 200-4000,GENERAL ACUTE CARE,OPEN,317,LYNCHBURG,51680,USA,37.43789546,-79.18784233,622110,GENERAL MEDICAL AND SURGICAL HOSPITALS,http://www.vhi.org,2020/11/26 00:00:00+00,IMAGERY,2014/02/10 00:00:00+00,http://vbh.centrahealth.com/,NOT AVAILABLE,NOT AVAILABLE,51,NON-PROFIT,-999,317,NOT AVAILABLE,N
-79.44095496,37.77851707,6057,324450,CARILION STONEWALL JACKSON HOSPITAL,1 HEALTH CIRCLE,LEXINGTON,VA,24450,NOT AVAILABLE,(540) 458-3300,CRITICAL ACCESS,OPEN,25,LEXINGTON,51678,USA,37.77851707,-79.44095496,622110,GENERAL MEDICAL AND SURGICAL HOSPITALS,http://www.vhi.org,2020/11/26 00:00:00+00,IMAGERY/OTHER,2014/02/10 00:00:00+00,http://www.carilionclinic.org/carilion/csjh,NOT AVAILABLE,NOT AVAILABLE,51,NON-PROFIT,-999,25,NOT AVAILABLE,Y
-76.39033356,37.05729223,6062,12323666,SENTARA CAREPLEX HOSPITAL,3000 COLISEUM DRIVE,HAMPTON,VA,23666,NOT AVAILABLE,(757) 736-1000,GENERAL ACUTE CARE,OPEN,200,HAMPTON,51650,USA,37.05729223,-76.39033356,622110,GENERAL MEDICAL AND SURGICAL HOSPITALS,http://www.vhi.org,2020/11/26 00:00:00+00,IMAGERY,2014/02/10 00:00:00+00,http://www.sentara.com/hospitalsfacilities/hospitals/careplex/pages/careplex.aspx,NOT AVAILABLE,NOT AVAILABLE,51,NON-PROFIT,-999,200,NOT AVAILABLE,Y
-79.83203061,37.9929072,6063,224445,BATH COUNTY COMMUNITY HOSPITAL,106 PARK LANE,HOT SPRINGS,VA,24445,NOT AVAILABLE,(540) 839-7000,CRITICAL ACCESS,OPEN,25,BATH,51017,USA,37.9929072,-79.83203061,622110,GENERAL MEDICAL AND SURGICAL HOSPITALS,http://www.vhi.org,2020/11/26 00:00:00+00,IMAGERY/OTHER,2014/02/10 00:00:00+00,www.bathhospital.org,NOT AVAILABLE,NOT AVAILABLE,51,NON-PROFIT,-999,25,NOT AVAILABLE,Y
-77.38713225,37.62767133,6409,145323116,SHELTERING ARMS HOSPITAL,8254 ATLEE ROAD,MECHANICSVILLE,VA,23116,NOT AVAILABLE,(804) 764-1000,REHABILITATION,OPEN,40,HANOVER,51085,USA,37.62767133,-77.38713225,622310,"REHABILITATION HOSPITALS (EXCEPT ALCOHOLISM, DRUG ADDICTION)",http://www.vhi.org,2020/11/26 00:00:00+00,IMAGERY/OTHER,2015/03/26 00:00:00+00,https://www.shelteringarms.com/,NOT AVAILABLE,NOT AVAILABLE,51,NOT AVAILABLE,-999,40,NOT AVAILABLE,Y
-76.20623768,36.86713036,6636,12923502,LAKE TAYLOR TRANSITIONAL CARE HOSPITAL,1309 KEMPSVILLE ROAD,NORFOLK,VA,23502,NOT AVAILABLE,(757) 461-5000,LONG TERM CARE,OPEN,104,NORFOLK,51710,USA,36.86713036,-76.20623768,622310,SPECIALTY (EXCEPT PSYCHIATRIC AND SUBSTANCE ABUSE) HOSPITALS,http://www.vhi.org,2020/11/26 00:00:00+00,IMAGERY,2014/02/10 00:00:00+00,www.laketaylor.org,NOT AVAILABLE,NOT AVAILABLE,51,GOVERNMENT - DISTRICT/AUTHORITY,-999,104,NOT AVAILABLE,N
-76.13147748,36.8678106,6637,15223455,SENTARA BAYSIDE HOSPITAL,800 INDEPENDENCE BOULEVARD,VIRGINIA BEACH,VA,23455,NOT AVAILABLE,(757) 363-6100,GENERAL ACUTE CARE,CLOSED,158,VIRGINIA BEACH,51810,USA,36.8678106,-76.13147748,622110,GENERAL MEDICAL AND SURGICAL HOSPITALS,http://www.vdh.virginia.gov/olc/acutecare/hospitals.htm,2016/08/16 00:00:00+00,IMAGERY,2014/02/10 00:00:00+00,http://www.sentara.com/hospitalsfacilities/hospitals/bayside/pages/baysidehospital.aspx,NOT AVAILABLE,NOT AVAILABLE,51,NON-PROFIT,-999,158,NOT AVAILABLE,N
-78.44438962,38.02258118,6638,1922911,SENTARA MARTHA JEFFERSON HOSPITAL,500 MARTHA JEFFERSON DR.,CHARLOTTESVILLE,VA,22911,NOT AVAILABLE,(434) 654-7000,GENERAL ACUTE CARE,OPEN,176,ALBEMARLE,51003,USA,38.02258118,-78.44438962,622110,GENERAL MEDICAL AND SURGICAL HOSPITALS,http://www.vhi.org,2020/11/26 00:00:00+00,IMAGERY/OTHER,2014/02/10 00:00:00+00,https://www.sentara.com/charlottesville-virginia/hospitalslocations/locations/martha-jefferson-hospital.aspx,NOT AVAILABLE,NOT AVAILABLE,51,NON-PROFIT,-999,176,NOT AVAILABLE,Y
-77.36406019,37.18466931,6639,9423805,ENCOMPASS HEALTH REHABILITATION HOSPITAL OF PETERSBURG,95 MEDICAL PARK BOULEVARD,PETERSBURG,VA,23805,NOT AVAILABLE,(804) 504-8100,REHABILITATION,OPEN,64,PETERSBURG,51730,USA,37.18466931,-77.36406019,622310,"REHABILITATION HOSPITALS (EXCEPT ALCOHOLISM, DRUG ADDICTION)",http://www.vhi.org,2020/11/26 00:00:00+00,IMAGERY/OTHER,2019/04/16 00:00:00+00,http://www.healthsouthpetersburg.com/,NOT AVAILABLE,NOT AVAILABLE,51,PROPRIETARY,-999,64,NOT AVAILABLE,N
-77.50671264,37.58594398,6640,10023226,ENCOMPASS HEALTH REHABILITATION HOSPITAL OF VIRGINIA,5700 FITZHUGH AVENUE,RICHMOND,VA,23226,NOT AVAILABLE,(804) 288-5700,REHABILITATION,OPEN,40,HENRICO,51087,USA,37.58594398,-77.50671264,622310,"REHABILITATION HOSPITALS (EXCEPT ALCOHOLISM, DRUG ADDICTION)",http://www.vhi.org,2020/11/26 00:00:00+00,IMAGERY/OTHER,2014/02/10 00:00:00+00,http://www.healthsouthrichmond.com/,NOT AVAILABLE,NOT AVAILABLE,51,PROPRIETARY,-999,40,NOT AVAILABLE,N
-77.51229963,37.58361458,6641,9823226,ST. MARYS HOSPITAL AMBULATORY SURGERY CENTER,1501 MAPLE AVE,RICHMOND,VA,23226,NOT AVAILABLE,(804) 285-2010,GENERAL ACUTE CARE,OPEN,391,HENRICO,51087,USA,37.58361458,-77.51229963,622110,GENERAL MEDICAL AND SURGICAL HOSPITALS,http://www.vhi.org,2020/11/26 00:00:00+00,IMAGERY,2014/02/10 00:00:00+00,http://richmond.bonsecours.com/find-a-facility-st-marys-hospital.,NOT AVAILABLE,NOT AVAILABLE,51,NON-PROFIT,-999,391,NOT AVAILABLE,Y
-77.38596038,37.6289545,6642,8823116,UROSURGICAL CENTER OF RICHMOND NORTH,8228 MEADOWBRIDGE RD,MECHANICSVILLE,VA,23116,NOT AVAILABLE,(804) 764-6000,GENERAL ACUTE CARE,OPEN,225,HANOVER,51085,USA,37.6289545,-77.38596038,622110,GENERAL MEDICAL AND SURGICAL HOSPITALS,http://www.vhi.org,2020/11/26 00:00:00+00,IMAGERY,2014/02/10 00:00:00+00,http://richmond.bonsecours.com/find-a-facility-memorial-regional-medical-center.html,NOT AVAILABLE,NOT AVAILABLE,51,NON-PROFIT,-999,225,NOT AVAILABLE,Y
-76.93750373,36.69154298,6650,15923851,SOUTHAMPTON MEMORIAL HOSPITAL,100 FAIRVIEW DRIVE,FRANKLIN,VA,23851,NOT AVAILABLE,(757) 569-6100,GENERAL ACUTE CARE,OPEN,90,FRANKLIN CITY,51620,USA,36.69154298,-76.93750373,622110,GENERAL MEDICAL AND SURGICAL HOSPITALS,http://www.vhi.org,2020/11/26 00:00:00+00,IMAGERY,2014/02/10 00:00:00+00,http://www.smhfranklin.com/pages/home.aspx,NOT AVAILABLE,NOT AVAILABLE,51,PROPRIETARY,-999,90,NOT AVAILABLE,Y
-77.14368028,38.70560252,6664,28,FORT BELVOIR COMMUNITY HOSPITAL,9300 DEWITT LOOP,FORT BELVOIR,VA,22060,NOT AVAILABLE,(571) 231-3224,MILITARY,OPEN,120,FAIRFAX,51059,USA,38.70560252,-77.14368028,622110,GENERAL MEDICAL AND SURGICAL HOSPITALS,http://www.vhi.org,2020/11/26 00:00:00+00,IMAGERY/OTHER,2015/07/29 00:00:00+00,www.fbch.capmed.mil/,NOT AVAILABLE,NOT AVAILABLE,51,GOVERNMENT - FEDERAL,-999,120,NOT AVAILABLE,Y
-82.06553917,37.28527892,6863,5724614,BUCHANAN GENERAL HOSPITAL,1535 SLATE CREEK ROAD,GRUNDY,VA,24614,NOT AVAILABLE,(276) 935-1100,GENERAL ACUTE CARE,OPEN,49,BUCHANAN,51027,USA,37.28527892,-82.06553917,622110,GENERAL MEDICAL AND SURGICAL HOSPITALS,http://www.vhi.org,2020/11/26 00:00:00+00,IMAGERY,2014/02/10 00:00:00+00,http://www.bgh.org/,NOT AVAILABLE,NOT AVAILABLE,51,NON-PROFIT,-999,49,NOT AVAILABLE,Y
-79.94254375,37.25119819,6864,7924014,CARILION MEDICAL CENTER,1906 BELLVIEW AVE,ROANOKE,VA,24014,NOT AVAILABLE,(540) 981-7000,GENERAL ACUTE CARE,OPEN,703,ROANOKE CITY,51770,USA,37.25119819,-79.94254375,622110,GENERAL MEDICAL AND SURGICAL HOSPITALS,http://www.vhi.org,2020/11/26 00:00:00+00,IMAGERY,2014/02/10 00:00:00+00,http://www.carilionclinic.org/crmh/roanoke-va-hospital,NOT AVAILABLE,CARILION ROANOKE MEMORIAL HOSPITAL,51,NON-PROFIT,-999,703,LEVEL I,Y
-79.17157799,37.41701527,6865,144124501,CENTRA LYNCHBURG GENERAL HOSPITAL,1901 TATE SPRINGS ROAD,LYNCHBURG,VA,24501,NOT AVAILABLE,(434) 200-3000,GENERAL ACUTE CARE,OPEN,358,LYNCHBURG,51680,USA,37.41701527,-79.17157799,622110,GENERAL MEDICAL AND SURGICAL HOSPITALS,http://www.vhi.org,2020/11/26 00:00:00+00,IMAGERY/OTHER,2015/03/26 00:00:00+00,https://www.centrahealth.com/facilities/centra-lynchburg-general-hospital,NOT AVAILABLE,LYNCHBURG GENERAL HOSPITAL,51,NON-PROFIT,-999,358,LEVEL II,Y
-77.45083318,37.57090134,6867,10923220,CHILDREN'S HOSPITAL OF RICHMOND AT VCU (BROOK ROAD),2924 BROOK ROAD,RICHMOND,VA,23220,NOT AVAILABLE,(804) 321-7470,CHILDREN,OPEN,36,RICHMOND CITY,51760,USA,37.57090134,-77.45083318,622110,"CHILDREN'S HOSPITALS, GENERAL",http://www.vhi.org,2020/11/26 00:00:00+00,IMAGERY/OTHER,2014/02/10 00:00:00+00,www.childrenshosp-richmond.org,NOT AVAILABLE,NOT AVAILABLE,51,NON-PROFIT,-999,36,NOT AVAILABLE,N
-79.40545975,36.57771385,6868,7624541,SOVAH HEALTH DANVILLE,142 SOUTH MAIN STREET,DANVILLE,VA,24541,NOT AVAILABLE,(434) 799-2100,GENERAL ACUTE CARE,OPEN,250,DANVILLE,51590,USA,36.57771385,-79.40545975,622110,GENERAL MEDICAL AND SURGICAL HOSPITALS,http://www.vhi.org,2020/11/26 00:00:00+00,IMAGERY,2014/02/10 00:00:00+00,www.danvilleregional.org,NOT AVAILABLE,NOT AVAILABLE,51,PROPRIETARY,-999,250,NOT AVAILABLE,N
-77.48699277,38.31261222,6869,146222401,ENCOMPASS HEALTH REHAB HOSP OF FREDERICKSBURG,300 PARK HILL DRIVE,FREDERICKSBURG,VA,22401,NOT AVAILABLE,(540) 368-7300,REHABILITATION,OPEN,52,FREDERICKSBURG,51630,USA,38.31261222,-77.48699277,622310,"REHABILITATION HOSPITALS (EXCEPT ALCOHOLISM, DRUG ADDICTION)",http://www.vhi.org,2020/11/26 00:00:00+00,IMAGERY/OTHER,2015/03/26 00:00:00+00,https://www.encompasshealth.com/fredericksburgrehab,NOT AVAILABLE,NOT AVAILABLE,51,PROPRIETARY,-999,52,NOT AVAILABLE,N
-77.47311854,37.55391298,6870,11123220,HENRICO DOCTORS' HOSPITAL - RETREAT,2621 GROVE AVENUE,RICHMOND,VA,23220,NOT AVAILABLE,(804) 254-5100,GENERAL ACUTE CARE,OPEN,226,RICHMOND CITY,51760,USA,37.55391298,-77.47311854,622110,GENERAL MEDICAL AND SURGICAL HOSPITALS,http://www.vhi.org,2020/11/26 00:00:00+00,IMAGERY,2014/02/10 00:00:00+00,http://hcavirginia.com/locations/retreat-doctors-hospital/index.dot,NOT AVAILABLE,RETREAT DOCTORS HOSPITAL,51,PROPRIETARY,-999,226,NOT AVAILABLE,N
-78.17239498,39.18315586,6871,145622601,WINCHESTER REHABILITATION CENTER,333 WEST CORK STREET,WINCHESTER,VA,22601,NOT AVAILABLE,(540) 536-8000,REHABILITATION,OPEN,495,WINCHESTER,51840,USA,39.18315586,-78.17239498,622310,"REHABILITATION HOSPITALS (EXCEPT ALCOHOLISM, DRUG ADDICTION)",http://www.vhi.org,2020/11/26 00:00:00+00,IMAGERY/OTHER,2015/03/26 00:00:00+00,http://www.valleyhealthlink.com/our-locations/inpatient-outpatient-rehabilitation/winchester-rehabilitation-center-inpatient-.aspx,NOT AVAILABLE,NOT AVAILABLE,51,NOT AVAILABLE,-999,495,NOT AVAILABLE,N
-77.47802201,39.07395142,7439,4020176,INOVA LOUDOUN HOSPITAL,44045 RIVERSIDE PARKWAY,LEESBURG,VA,20176,NOT AVAILABLE,(703) 858-6000,GENERAL ACUTE CARE,OPEN,183,LOUDOUN,51107,USA,39.07395142,-77.47802201,622110,GENERAL MEDICAL AND SURGICAL HOSPITALS,http://www.vhi.org,2020/11/26 00:00:00+00,IMAGERY,2014/02/10 00:00:00+00,http://www.inova.org/patient-and-visitor-information/facilities/inova-loudoun-hospital/index.jsp,NOT AVAILABLE,NOT AVAILABLE,51,NON-PROFIT,-999,183,NOT AVAILABLE,Y
-79.02740691,38.14244393,7545,20522402,WESTERN STATE HOSPITAL,103 VALLEY CENTER DRIVE,STAUNTON,VA,22402,2500,(540) 332-8000,PSYCHIATRIC,OPEN,84,STAUNTON,51790,USA,38.14244393,-79.02740691,622210,PSYCHIATRIC AND SUBSTANCE ABUSE HOSPITALS,http://www.vhi.org,2020/11/26 00:00:00+00,IMAGERY/OTHER,2017/03/09 00:00:00+00,http://www.wsh.dbhds.virginia.gov/,NOT AVAILABLE,NOT AVAILABLE,51,GOVERNMENT - STATE,-999,84,NOT AVAILABLE,N
-77.45296695,37.20757182,7546,124,CENTRAL STATE HOSPITAL,26317 WEST WASHINGTON STREET,PETERSBURG,VA,23803,30,(804) 524-7000,PSYCHIATRIC,OPEN,126,DINWIDDIE,51053,USA,37.20757182,-77.45296695,622210,PSYCHIATRIC AND SUBSTANCE ABUSE HOSPITALS,http://www.vhi.org,2020/11/26 00:00:00+00,IMAGERY,2015/05/23 00:00:00+00,http://www.csh.dbhds.virginia.gov/contact.html,NOT AVAILABLE,NOT AVAILABLE,51,GOVERNMENT - STATE,-999,126,NOT AVAILABLE,N
-79.41002832,36.55475681,7547,20324541,SOUTHERN VIRGINIA MENTAL HEALTH INSTITUTE,382 TAYLOR DRIVE,DANVILLE,VA,24541,4023,(434) 799-6220,PSYCHIATRIC,OPEN,72,DANVILLE,51590,USA,36.55475681,-79.41002832,622210,PSYCHIATRIC AND SUBSTANCE ABUSE HOSPITALS,http://www.vhi.org,2020/11/26 00:00:00+00,IMAGERY,2017/03/09 00:00:00+00,http://www.svmhi.dbhds.virginia.gov/,NOT AVAILABLE,NOT AVAILABLE,51,GOVERNMENT - STATE,-999,72,NOT AVAILABLE,N